City_ID,City,Lat,Lng,Max Temp,Humidity,Cloudiness,Wind Speed,Country,Date
0,Baruun-Urt,46.6806,113.2792,-15.29,98,52,1.99,MN,2022-02-14 00:55:52
1,Rikitea,-23.1203,-134.9692,78.94,71,5,14.14,PF,2022-02-14 00:55:25
2,Mount Isa,-20.7333,139.5,87.57,45,100,17.27,AU,2022-02-14 00:55:53
3,Bredasdorp,-34.5322,20.0403,65.52,72,99,8.05,ZA,2022-02-14 00:55:54
4,Yulara,-25.2406,130.9889,85.84,19,0,9.22,AU,2022-02-14 00:55:54
5,East London,-33.0153,27.9116,71.8,81,31,10.09,ZA,2022-02-14 00:55:54
6,Vila Velha,-20.3297,-40.2925,75.15,97,100,3.44,BR,2022-02-14 00:55:55
7,New Norfolk,-42.7826,147.0587,63.91,64,92,4.63,AU,2022-02-14 00:55:55
8,Atuona,-9.8,-139.0333,77.94,78,14,13.6,PF,2022-02-14 00:55:56
9,Isperih,43.7167,26.8333,32.99,95,92,6.24,BG,2022-02-14 00:54:05
10,Young,-32.6833,-57.6333,67.23,44,0,4.03,UY,2022-02-14 00:55:57
11,Hobart,-42.8794,147.3294,64.27,76,75,11.5,AU,2022-02-14 00:55:58
12,Clyde River,70.4692,-68.5914,-18.17,76,100,18.41,CA,2022-02-14 00:55:58
13,Rulenge,-2.7175,30.6325,59.49,94,100,2.59,TZ,2022-02-14 00:55:59
14,Bluff,-46.6,168.3333,68.81,64,100,3.74,NZ,2022-02-14 00:55:59
15,Castro,-24.7911,-50.0119,66.0,89,100,0.89,BR,2022-02-14 00:56:00
16,Busselton,-33.65,115.3333,76.05,52,0,10.74,AU,2022-02-14 00:56:00
17,Mataura,-46.1927,168.8643,68.49,37,100,1.54,NZ,2022-02-14 00:56:01
18,Shimoda,34.6667,138.95,41.36,71,100,19.28,JP,2022-02-14 00:56:01
19,Aloleng,16.1307,119.7824,81.5,71,17,10.2,PH,2022-02-14 00:56:02
20,Rio De Janeiro,-22.9028,-43.2075,78.91,86,0,8.05,BR,2022-02-14 00:54:03
21,Pevek,69.7008,170.3133,-16.37,97,100,8.5,RU,2022-02-14 00:56:02
22,Nyurba,63.2842,118.3319,-18.08,100,100,1.57,RU,2022-02-14 00:56:03
23,Saint-Philippe,-21.3585,55.7679,78.39,87,38,11.9,RE,2022-02-14 00:56:03
24,Asfi,32.2994,-9.2372,55.71,85,27,8.61,MA,2022-02-14 00:56:04
25,Jamestown,42.097,-79.2353,15.3,61,100,5.75,US,2022-02-14 00:55:15
26,Bagdarin,54.4333,113.6,-12.62,93,96,3.51,RU,2022-02-14 00:56:05
27,Palmer,42.1584,-72.3287,27.93,57,100,3.0,US,2022-02-14 00:56:05
28,Kodiak,57.79,-152.4072,36.75,78,14,1.81,US,2022-02-14 00:53:16
29,Lipin Bor,60.2622,37.9763,26.62,96,100,12.46,RU,2022-02-14 00:56:06
30,Talara,-4.5772,-81.2719,73.54,83,99,7.74,PE,2022-02-14 00:55:24
31,Albany,42.6001,-73.9662,22.26,55,26,1.99,US,2022-02-14 00:51:44
32,Port Lincoln,-34.7333,135.8667,71.33,70,18,11.72,AU,2022-02-14 00:56:07
33,Van,38.4924,43.3831,22.19,58,100,7.27,TR,2022-02-14 00:56:08
34,Bambous Virieux,-20.3428,57.7575,81.21,89,40,9.22,MU,2022-02-14 00:56:08
35,Airai,-8.9266,125.4092,70.0,66,23,2.28,TL,2022-02-14 00:56:09
36,Port Alfred,-33.5906,26.891,68.95,88,31,8.55,ZA,2022-02-14 00:56:09
37,Puerto Ayora,-0.7393,-90.3518,75.54,92,89,4.16,EC,2022-02-14 00:56:10
38,Keuruu,62.2667,24.7,33.98,99,100,10.69,FI,2022-02-14 00:56:10
39,Sioux Lookout,50.1001,-91.917,-3.62,65,100,3.44,CA,2022-02-14 00:52:22
40,Barrow,71.2906,-156.7887,-23.69,100,100,8.41,US,2022-02-14 00:55:02
41,Longyearbyen,78.2186,15.6401,15.64,92,100,3.44,SJ,2022-02-14 00:56:00
42,Hermanus,-34.4187,19.2345,64.8,80,89,17.78,ZA,2022-02-14 00:56:11
43,Kapaa,22.0752,-159.319,76.19,67,11,5.99,US,2022-02-14 00:55:59
44,Tazovskiy,67.4667,78.7,-8.05,95,96,10.07,RU,2022-02-14 00:57:12
45,Rongcheng,30.634,117.8517,45.9,75,92,0.83,CN,2022-02-14 00:57:12
46,Carnarvon,-24.8667,113.6333,80.67,83,6,0.0,AU,2022-02-14 00:57:13
47,Punta Arenas,-53.15,-70.9167,46.51,49,20,14.97,CL,2022-02-14 00:57:14
48,Cabedelo,-6.9811,-34.8339,83.07,76,1,11.07,BR,2022-02-14 00:57:14
49,Bozhou,33.8772,115.7703,41.61,74,6,4.92,CN,2022-02-14 00:57:15
50,Kongolo,-5.3833,27.0,69.33,97,100,0.72,CD,2022-02-14 00:57:15
51,Whitecourt,54.1502,-115.6855,40.24,38,75,0.0,CA,2022-02-14 00:57:16
52,Pisco,-13.7,-76.2167,69.85,73,0,18.41,PE,2022-02-14 00:54:51
53,Leira,43.1167,-8.4,48.06,81,61,4.65,ES,2022-02-14 00:57:16
54,Sakaraha,-22.9,44.5333,74.08,68,0,5.37,MG,2022-02-14 00:57:17
55,Churhat,24.428,81.6703,51.39,49,0,1.92,IN,2022-02-14 00:57:17
56,Lebu,-37.6167,-73.65,58.23,91,96,5.5,CL,2022-02-14 00:57:18
57,Saldanha,-33.0117,17.9442,66.25,90,0,13.47,ZA,2022-02-14 00:57:18
58,Kaihua,23.3687,104.28,50.7,82,12,4.83,CN,2022-02-14 00:57:19
59,Qasigiannguit,68.8193,-51.1922,-1.88,94,100,6.2,GL,2022-02-14 00:57:19
60,Cayenne,4.9333,-52.3333,80.1,84,100,3.0,GF,2022-02-14 00:57:20
61,Nanfeng,23.7434,111.7959,47.95,83,2,3.6,CN,2022-02-14 00:57:20
62,Angoche,-16.2325,39.9086,76.26,92,99,5.53,MZ,2022-02-14 00:57:21
63,Uarini,-2.99,-65.1083,74.14,97,100,2.35,BR,2022-02-14 00:57:21
64,Ahipara,-35.1667,173.1667,70.74,55,25,10.27,NZ,2022-02-14 00:57:22
65,Caravelas,-17.7125,-39.2481,75.36,90,90,4.88,BR,2022-02-14 00:57:22
66,Lompoc,34.6391,-120.4579,80.13,63,0,6.91,US,2022-02-14 00:57:23
67,Tiksi,71.6872,128.8694,-13.13,92,20,11.03,RU,2022-02-14 00:57:24
68,Simao,22.7886,100.9748,52.2,47,0,0.81,CN,2022-02-14 00:57:24
69,Shelopugino,51.6514,117.5599,-16.42,98,100,1.5,RU,2022-02-14 00:57:25
70,Butaritari,3.0707,172.7902,81.19,77,20,13.0,KI,2022-02-14 00:57:25
71,Cherskiy,68.75,161.3,-22.76,97,95,6.67,RU,2022-02-14 00:57:26
72,Qaanaaq,77.484,-69.3632,-8.1,71,88,6.17,GL,2022-02-14 00:56:10
73,Santa Vitoria Do Palmar,-33.5189,-53.3681,59.43,64,0,6.13,BR,2022-02-14 00:57:26
74,Havoysund,70.9963,24.6622,16.68,91,100,7.72,NO,2022-02-14 00:57:27
75,Vaini,-21.2,-175.2,86.16,74,40,13.8,TO,2022-02-14 00:55:20
76,Sorong,-0.8833,131.25,78.42,87,100,5.95,ID,2022-02-14 00:57:28
77,Port Elizabeth,-33.918,25.5701,66.49,94,100,11.5,ZA,2022-02-14 00:57:28
78,Hami,42.8,93.45,24.06,45,11,5.86,CN,2022-02-14 00:57:29
79,Souillac,-20.5167,57.5167,81.36,89,40,9.22,MU,2022-02-14 00:54:23
80,Sitka,57.0531,-135.33,39.07,97,100,4.72,US,2022-02-14 00:53:09
81,Wilmington,34.2257,-77.9447,47.93,84,100,4.61,US,2022-02-14 00:53:20
82,Aswan,24.0934,32.907,61.9,29,0,6.91,EG,2022-02-14 00:57:30
83,Presidencia Roque Saenz Pena,-26.7852,-60.4388,71.1,38,0,2.33,AR,2022-02-14 00:53:57
84,Ponta Do Sol,32.6667,-17.1,62.71,72,77,0.47,PT,2022-02-14 00:57:31
85,Malanje,-9.5402,16.341,63.07,97,100,4.18,AO,2022-02-14 00:57:31
86,Constitucion,-35.3333,-72.4167,59.41,89,61,4.36,CL,2022-02-14 00:57:32
87,Svetlyy,54.675,20.1347,35.65,75,100,17.05,RU,2022-02-14 00:57:32
88,Kysyl-Syr,63.8986,122.7617,-24.27,100,100,0.18,RU,2022-02-14 00:57:33
89,Moron,-34.6534,-58.6198,74.98,45,0,5.48,AR,2022-02-14 00:58:33
90,Norman Wells,65.282,-126.8329,-5.76,65,100,4.61,CA,2022-02-14 00:54:59
91,Puerto Maldonado,-12.6,-69.1833,73.8,94,72,0.0,PE,2022-02-14 00:58:34
92,Cape Town,-33.9258,18.4232,68.41,79,20,18.41,ZA,2022-02-14 00:58:34
93,Gap,44.6667,6.0,26.83,85,100,5.41,FR,2022-02-14 00:58:35
94,Sumbe,-11.2061,13.8437,75.29,84,100,3.11,AO,2022-02-14 00:58:35
95,Bahia Blanca,-38.7196,-62.2724,75.65,25,0,8.23,AR,2022-02-14 00:58:36
96,Cidreira,-30.1811,-50.2056,68.54,90,14,2.98,BR,2022-02-14 00:55:59
97,Doha,25.2867,51.5333,62.58,63,0,10.36,QA,2022-02-14 00:56:21
98,Severo-Kurilsk,50.6789,156.125,26.35,66,45,15.21,RU,2022-02-14 00:56:42
99,Ushuaia,-54.8,-68.3,38.86,81,40,26.46,AR,2022-02-14 00:56:07
100,San Jose,37.3394,-121.895,79.48,44,40,6.91,US,2022-02-14 00:57:32
101,Puerto Carreno,6.189,-67.4859,84.79,39,96,7.67,CO,2022-02-14 00:58:38
102,Yanam,16.7333,82.2167,68.4,85,5,3.67,IN,2022-02-14 00:58:38
103,Sargur,11.9833,76.4167,63.46,89,1,1.3,IN,2022-02-14 00:58:39
104,Neusiedl Am See,47.9357,16.8325,37.8,74,0,15.23,AT,2022-02-14 00:58:39
105,Freeport,40.6576,-73.5832,30.33,79,100,10.36,US,2022-02-14 00:54:12
106,Iqaluit,63.7506,-68.5145,-16.31,68,100,3.44,CA,2022-02-14 00:58:40
107,Sinnamary,5.3833,-52.95,76.37,90,100,8.86,GF,2022-02-14 00:58:40
108,Ardmore,34.1743,-97.1436,53.11,27,0,4.61,US,2022-02-14 00:58:41
109,Hvolsvollur,63.7533,-20.2243,21.25,83,100,6.38,IS,2022-02-14 00:58:41
110,Saint George,37.1041,-113.5841,68.47,17,0,0.87,US,2022-02-14 00:58:42
111,Ancud,-41.8697,-73.8203,65.73,94,4,2.21,CL,2022-02-14 00:58:42
112,Alice Springs,-23.7,133.8833,87.35,27,0,8.05,AU,2022-02-14 00:58:43
113,Tosya,41.0155,34.0401,31.73,88,100,1.83,TR,2022-02-14 00:58:43
114,Katsuura,35.1333,140.3,45.1,70,98,25.21,JP,2022-02-14 00:58:44
115,Khatanga,71.9667,102.5,-27.17,100,43,1.88,RU,2022-02-14 00:56:56
116,Ribeira Grande,38.5167,-28.7,58.15,69,100,5.46,PT,2022-02-14 00:56:03
117,Boddam,57.4667,-1.7833,43.38,91,100,12.24,GB,2022-02-14 00:58:45
118,Thompson,55.7435,-97.8558,-11.04,77,20,0.0,CA,2022-02-14 00:58:45
119,Santa Cruz,-17.8,-63.1667,74.66,69,79,2.3,BO,2022-02-14 00:58:46
120,Monterey,36.2505,-121.2516,59.11,34,0,5.23,US,2022-02-14 00:58:47
121,Georgetown,5.4112,100.3354,80.53,90,20,5.01,MY,2022-02-14 00:58:47
122,Faanui,-16.4833,-151.75,80.49,75,100,14.18,PF,2022-02-14 00:58:47
123,Paragominas,-2.9667,-47.4833,72.12,98,100,3.09,BR,2022-02-14 00:58:48
124,Kunya,12.2233,8.5325,60.96,44,0,0.0,NG,2022-02-14 00:58:48
125,Hithadhoo,-0.6,73.0833,82.06,75,38,12.8,MV,2022-02-14 00:58:49
126,Salalah,17.0151,54.0924,68.18,31,0,18.1,OM,2022-02-14 00:58:49
127,Tasiilaq,65.6145,-37.6368,20.64,93,100,18.79,GL,2022-02-14 00:58:50
128,Olafsvik,64.8945,-23.7142,31.89,79,100,11.97,IS,2022-02-14 00:58:51
129,Hilo,19.7297,-155.09,78.24,75,38,4.0,US,2022-02-14 00:58:34
130,Katherine,-14.4667,132.2667,86.32,62,20,5.75,AU,2022-02-14 00:58:51
131,Santa Marta,11.2408,-74.199,86.34,58,20,13.8,CO,2022-02-14 00:55:17
132,Richards Bay,-28.783,32.0377,77.07,88,100,9.06,ZA,2022-02-14 00:58:52
133,Nikolskoye,59.7035,30.7861,36.88,91,100,11.88,RU,2022-02-14 00:58:52
134,Avarua,-21.2078,-159.775,77.05,83,75,4.61,CK,2022-02-14 00:58:53
135,Flagstaff,35.1981,-111.6513,56.86,19,0,0.96,US,2022-02-14 00:57:02
136,Tomatlan,19.9333,-105.25,77.85,43,96,3.91,MX,2022-02-14 00:58:54
137,Sobolevo,54.4299,31.8996,21.13,89,96,11.74,RU,2022-02-14 00:59:54
138,Chuy,-33.6971,-53.4616,58.86,65,0,6.22,UY,2022-02-14 00:59:55
139,Upernavik,72.7868,-56.1549,-6.43,97,100,11.52,GL,2022-02-14 00:56:41
140,San Patricio,28.017,-97.5169,56.12,32,85,4.61,US,2022-02-14 00:59:55
141,Yerbogachen,61.2767,108.0108,-31.45,100,87,3.44,RU,2022-02-14 00:59:56
142,Chicama,-7.8447,-79.1469,68.54,69,58,5.39,PE,2022-02-14 00:59:56
143,Arlit,18.7369,7.3853,65.59,13,0,4.14,NE,2022-02-14 00:59:57
144,Nenjiang,49.1833,125.2167,-2.72,98,95,3.98,CN,2022-02-14 00:59:57
145,Xining,36.6167,101.7667,12.72,70,59,1.99,CN,2022-02-14 00:59:58
146,Sorland,67.667,12.6934,34.48,56,100,25.61,NO,2022-02-14 00:59:58
147,Lodja,-3.4833,23.4333,69.37,88,100,2.19,CD,2022-02-14 00:59:59
148,Victoria,22.2855,114.1577,59.32,81,24,5.99,HK,2022-02-14 00:57:01
149,Tilichiki,60.4667,166.1,-12.64,90,23,10.33,RU,2022-02-14 00:55:35
150,San Quintin,30.4833,-115.95,69.69,35,1,9.1,MX,2022-02-14 01:00:00
151,Anori,-3.7728,-61.6442,74.3,97,100,2.1,BR,2022-02-14 01:00:00
152,Hasaki,35.7333,140.8333,39.6,60,100,29.75,JP,2022-02-14 01:00:01
153,Grindavik,63.8424,-22.4338,30.67,86,75,9.22,IS,2022-02-14 01:00:02
154,Churapcha,62.0025,132.4325,-24.12,97,98,2.01,RU,2022-02-14 01:00:03
155,Sao Filipe,14.8961,-24.4956,73.44,68,68,11.16,CV,2022-02-14 01:00:05
156,Shenkursk,62.1091,42.896,20.93,95,100,9.04,RU,2022-02-14 01:00:06
157,Peniche,39.3558,-9.3811,54.63,88,0,13.8,PT,2022-02-14 01:00:08
158,Yining,29.0361,114.5636,44.87,78,5,0.78,CN,2022-02-14 01:00:10
159,Tiznit,29.5833,-9.5,53.2,49,0,3.47,MA,2022-02-14 01:00:12
160,Saskylakh,71.9167,114.0833,-17.77,92,18,2.84,RU,2022-02-14 00:58:00
161,Bintulu,3.1667,113.0333,78.84,88,98,3.42,MY,2022-02-14 01:00:13
162,Leh,34.1667,77.5833,-1.57,87,56,2.53,IN,2022-02-14 01:00:14
163,Kentau,43.5206,68.5094,28.74,97,100,5.61,KZ,2022-02-14 01:00:15
164,Vila Franca Do Campo,37.7167,-25.4333,59.2,71,100,4.23,PT,2022-02-14 01:00:16
165,Charters Towers,-20.1,146.2667,82.54,47,44,15.39,AU,2022-02-14 01:00:17
166,Plouzane,48.3833,-4.6167,46.45,87,75,10.36,FR,2022-02-14 01:00:17
167,Srednekolymsk,67.45,153.6833,-24.38,95,19,5.93,RU,2022-02-14 01:00:18
168,Riyadh,24.6877,46.7219,50.14,33,0,8.7,SA,2022-02-14 00:56:04
169,Gayny,60.3071,54.3241,-4.41,100,100,2.82,RU,2022-02-14 01:00:21
170,Mahebourg,-20.4081,57.7,81.25,87,100,14.27,MU,2022-02-14 01:00:21
171,Esperance,-33.8667,121.9,66.81,65,100,12.41,AU,2022-02-14 01:00:22
172,Bubaque,11.2833,-15.8333,77.94,64,0,6.64,GW,2022-02-14 01:00:22
173,Honiara,-9.4333,159.95,83.91,78,95,8.01,SB,2022-02-14 01:00:23
174,Flinders,-34.5833,150.8552,84.06,56,100,7.0,AU,2022-02-14 01:00:23
175,Xichang,27.8964,102.2634,41.58,64,0,1.14,CN,2022-02-14 01:00:24
176,Blind River,46.1834,-82.9582,-2.09,96,20,1.39,CA,2022-02-14 01:00:25
177,Ilulissat,69.2167,-51.1,-3.17,94,100,8.95,GL,2022-02-14 00:56:06
178,Daru,-9.0763,143.2092,85.53,61,63,10.42,PG,2022-02-14 01:00:26
179,Itarema,-2.9248,-39.9167,79.61,80,28,13.33,BR,2022-02-14 01:00:26
180,Shu,43.5983,73.7614,29.17,87,100,3.78,KZ,2022-02-14 01:00:27
181,Bandarbeyla,9.4942,50.8122,73.54,73,100,12.08,SO,2022-02-14 01:00:28
182,Acari,-15.4311,-74.6158,73.69,76,28,4.21,PE,2022-02-14 01:00:29
183,Korla,41.7597,86.1469,26.51,52,8,3.67,CN,2022-02-14 01:00:29
184,Ostrovnoy,68.0531,39.5131,21.88,62,100,26.98,RU,2022-02-14 01:01:30
185,Verkhnevilyuysk,63.4453,120.3167,-19.35,99,100,1.77,RU,2022-02-14 01:01:30
186,Obregon,11.9566,-85.9636,83.3,53,5,12.53,NI,2022-02-14 01:01:31
187,Sebezh,56.2955,28.4654,26.56,83,100,10.16,RU,2022-02-14 01:01:31
188,Ilhabela,-23.7781,-45.3581,74.86,89,28,8.57,BR,2022-02-14 01:01:32
189,Araci,-11.3333,-38.9667,73.94,87,95,2.08,BR,2022-02-14 01:01:32
190,Karratha,-20.7377,116.8463,92.62,43,51,7.63,AU,2022-02-14 01:01:33
191,Bethel,41.3712,-73.414,27.93,68,100,5.99,US,2022-02-14 00:58:00
192,Doka,13.5167,35.7667,72.99,35,98,10.96,SD,2022-02-14 01:01:33
193,Naryan-Mar,67.6713,53.087,-1.75,98,30,9.69,RU,2022-02-14 01:01:34
194,Maldonado,-34.6667,-54.9167,68.23,60,16,7.81,UY,2022-02-14 01:01:34
195,Rosarito,32.3333,-117.0333,81.63,34,0,4.29,MX,2022-02-14 01:01:35
196,Mar Del Plata,-38.0023,-57.5575,63.88,73,0,6.44,AR,2022-02-14 01:00:10
197,Duluth,46.7833,-92.1066,8.56,57,100,10.36,US,2022-02-14 00:57:39
198,Manbij,36.5281,37.9549,36.37,70,0,7.96,SY,2022-02-14 01:01:36
199,Lorengau,-2.0226,147.2712,84.02,72,100,2.55,PG,2022-02-14 01:01:16
200,Nagato,34.3833,131.2,45.19,63,8,13.56,JP,2022-02-14 01:01:36
201,Gamba,-2.65,10.0,77.16,86,73,3.56,GA,2022-02-14 01:01:37
202,Shuya,56.8487,41.3883,24.85,93,100,9.48,RU,2022-02-14 01:01:38
203,Calvia,39.5657,2.5062,54.07,83,35,12.86,ES,2022-02-14 01:01:38
204,Aberystwyth,52.4155,-4.0829,45.66,92,100,17.78,GB,2022-02-14 01:01:39
205,Abha,18.2164,42.5053,52.23,71,25,0.67,SA,2022-02-14 01:01:39
206,Zelenets,61.8849,50.7489,19.65,100,99,3.67,RU,2022-02-14 01:01:40
207,Paamiut,61.994,-49.6678,11.43,87,100,18.14,GL,2022-02-14 01:01:40
208,Kaeo,-35.1,173.7833,76.32,51,9,4.99,NZ,2022-02-14 01:01:41
209,Berlevag,70.8578,29.0864,21.06,90,100,7.92,NO,2022-02-14 01:01:42
210,Topana,44.8167,24.5167,30.97,74,100,3.44,RO,2022-02-14 01:01:42
211,Loukhi,66.0764,33.0381,27.07,94,100,9.78,RU,2022-02-14 01:01:43
212,Erzin,36.9559,36.2,37.92,88,22,3.11,TR,2022-02-14 01:01:43
213,Abramovka,51.1886,41.0202,11.61,93,76,8.23,RU,2022-02-14 01:01:44
214,Barabai,-2.5833,115.3833,80.85,81,98,2.04,ID,2022-02-14 01:01:44
215,Troy,42.6056,-83.1499,15.87,75,0,5.75,US,2022-02-14 01:01:45
216,Bonthe,7.5264,-12.505,77.29,90,8,3.83,SL,2022-02-14 01:01:45
217,Orotukan,62.2667,151.7,-20.88,89,49,1.95,RU,2022-02-14 01:01:46
218,Arraial Do Cabo,-22.9661,-42.0278,75.7,92,11,14.36,BR,2022-02-14 01:01:46
219,Shitanjing,39.2342,106.3439,14.7,61,100,3.6,CN,2022-02-14 01:01:47
220,Provideniya,64.3833,-173.3,-3.64,71,0,8.99,RU,2022-02-14 01:01:47
221,Oranjemund,-28.55,16.4333,64.18,91,3,10.36,NA,2022-02-14 01:01:48
222,Gladstone,-23.85,151.25,84.13,54,75,17.27,AU,2022-02-14 01:00:16
223,Maumere,-8.6199,122.2111,82.78,71,51,4.09,ID,2022-02-14 01:01:48
224,Bogorodskoye,56.55,37.8833,28.26,84,100,12.1,RU,2022-02-14 01:01:49
225,Dikson,73.5069,80.5464,-5.19,87,100,23.71,RU,2022-02-14 01:01:49
226,Champerico,14.3,-91.9167,84.04,69,2,4.16,GT,2022-02-14 01:02:50
227,Codrington,-38.2667,141.9667,70.34,62,33,10.31,AU,2022-02-14 01:02:50
228,Touros,-5.1989,-35.4608,81.5,75,5,12.8,BR,2022-02-14 01:02:51
229,Sao Felix Do Xingu,-6.6447,-51.995,69.73,92,100,1.59,BR,2022-02-14 01:00:54
230,Adrar,20.5022,-10.0711,60.57,23,91,10.6,MR,2022-02-14 01:02:51
231,Guerrero Negro,27.9769,-114.0611,71.98,32,6,11.07,MX,2022-02-14 00:59:14
232,Ribas Do Rio Pardo,-20.4431,-53.7592,79.18,41,62,4.59,BR,2022-02-14 01:02:52
233,Mugumu,-1.85,34.7,61.12,92,94,4.25,TZ,2022-02-14 01:01:41
234,Asbury Park,40.2204,-74.0121,31.21,89,100,9.22,US,2022-02-14 01:01:52
235,Kruisfontein,-34.0033,24.7314,66.42,91,100,9.37,ZA,2022-02-14 01:02:53
236,Jalu,29.0331,21.5482,52.9,58,0,6.51,LY,2022-02-14 01:02:54
237,Diamantino,-14.4086,-56.4461,72.59,96,100,2.93,BR,2022-02-14 01:02:54
238,Cuamba,-14.8031,36.5372,68.72,98,98,0.47,MZ,2022-02-14 01:02:55
239,Fairbanks,64.8378,-147.7164,11.3,78,100,5.75,US,2022-02-14 01:00:05
240,Wagar,16.1525,36.2032,66.67,66,100,12.28,SD,2022-02-14 01:02:56
241,Ciudad Guayana,8.3533,-62.6528,77.23,70,92,9.01,VE,2022-02-14 01:02:56
242,Nalut,30.3333,10.85,52.14,30,72,15.84,LY,2022-02-14 01:02:56
243,Cervo,43.6702,-7.4101,50.97,77,62,20.8,ES,2022-02-14 00:57:58
244,Alofi,-19.0595,-169.9187,81.0,73,100,10.94,NU,2022-02-14 01:02:57
245,Vestmannaeyjar,63.4427,-20.2734,34.68,73,100,31.09,IS,2022-02-14 00:58:39
246,Monywa,22.1167,95.1333,59.74,48,0,6.71,MM,2022-02-14 01:02:58
247,Pangkalanbuun,-2.6833,111.6167,80.26,82,94,3.44,ID,2022-02-14 01:02:58
248,Cheney,47.4874,-117.5758,45.99,68,75,5.75,US,2022-02-14 01:02:59
249,Kaitangata,-46.2817,169.8464,60.93,65,97,6.38,NZ,2022-02-14 01:02:59
250,Oildale,35.4197,-119.0195,80.62,16,0,5.75,US,2022-02-14 01:03:00
251,Fernandez,-27.9204,-63.8935,72.03,35,1,8.03,AR,2022-02-14 01:03:00
252,Bathsheba,13.2167,-59.5167,77.27,72,9,18.43,BB,2022-02-14 01:03:01
253,Grand Gaube,-20.0064,57.6608,81.37,79,100,5.99,MU,2022-02-14 01:03:02
254,Geraldton,-28.7667,114.6,81.01,69,0,4.61,AU,2022-02-14 01:03:02
255,Fortuna,40.5982,-124.1573,65.48,94,100,5.75,US,2022-02-14 01:03:02
256,Melilla,35.2937,-2.9383,50.38,76,0,1.14,ES,2022-02-14 01:03:03
257,Road Town,18.4167,-64.6167,75.24,88,75,9.22,VG,2022-02-14 01:03:03
258,Birao,10.2849,22.7882,69.58,13,93,8.12,CF,2022-02-14 01:03:04
259,Carutapera,-1.195,-46.02,76.91,90,100,6.67,BR,2022-02-14 01:03:04
260,Diffa,13.3154,12.6113,68.65,13,13,8.72,NE,2022-02-14 01:03:05
261,Lima,-12.0432,-77.0282,70.39,82,87,8.19,PE,2022-02-14 01:00:49
262,Tuatapere,-46.1333,167.6833,65.16,50,100,4.65,NZ,2022-02-14 01:03:06
263,Suzun,53.7841,82.3116,21.45,94,100,10.31,RU,2022-02-14 01:03:06
264,Kiruna,67.8557,20.2251,2.32,85,5,5.75,SE,2022-02-14 01:03:07
265,Clyde,41.3042,-82.9752,19.11,78,100,8.68,US,2022-02-14 01:03:07
266,Parana,-31.732,-60.5238,69.3,36,0,4.88,AR,2022-02-14 01:03:07
267,Makakilo City,21.3469,-158.0858,79.12,49,75,11.5,US,2022-02-14 01:03:08
268,Ulverstone,-41.15,146.1667,79.21,57,100,5.91,AU,2022-02-14 01:03:08
269,Broken Hill,-31.95,141.4333,92.25,21,95,11.5,AU,2022-02-14 01:03:09
270,Gizo,-8.103,156.8419,84.42,68,98,6.67,SB,2022-02-14 01:03:10
271,Yumen,40.2833,97.2,22.78,51,4,11.1,CN,2022-02-14 01:03:10
272,Fare,-16.7,-151.0167,81.1,74,100,13.91,PF,2022-02-14 01:03:10
273,Vardo,70.3705,31.1107,23.9,90,100,18.16,NO,2022-02-14 01:04:11
274,Gejiu,23.306,103.1635,41.56,86,42,3.96,CN,2022-02-14 01:04:11
275,Cairns,-16.9167,145.7667,88.07,73,75,21.85,AU,2022-02-14 01:04:12
276,Sola,-13.8833,167.55,82.67,76,100,19.3,VU,2022-02-14 01:04:12
277,Saint Anthony,45.0205,-93.218,8.44,76,100,8.05,US,2022-02-14 01:04:13
278,Dunmore Town,25.5,-76.65,76.53,82,100,9.86,BS,2022-02-14 01:04:14
279,Juneau,58.3019,-134.4197,37.45,94,100,0.0,US,2022-02-14 01:04:14
280,Meulaboh,4.1363,96.1285,77.23,86,96,4.12,ID,2022-02-14 01:04:15
281,Suntar,62.1444,117.6319,-13.09,99,100,1.39,RU,2022-02-14 01:04:15
282,Narsaq,60.9167,-46.05,19.62,96,100,6.8,GL,2022-02-14 01:03:11
283,Canutama,-6.5339,-64.3831,72.16,99,100,0.65,BR,2022-02-14 01:04:16
284,Iguape,-24.7081,-47.5553,73.76,89,3,5.73,BR,2022-02-14 01:04:17
285,Igarka,67.4667,86.5833,-13.23,92,35,6.69,RU,2022-02-14 01:04:17
286,Killarney,52.05,-9.5167,39.0,92,21,6.26,IE,2022-02-14 01:04:18
287,Dakar,14.6937,-17.4441,70.68,68,100,18.86,SN,2022-02-14 01:04:18
288,Kargil,34.5667,76.1,0.52,94,99,1.39,IN,2022-02-14 01:04:19
289,Aklavik,68.2191,-135.0107,-20.25,98,100,10.04,CA,2022-02-14 01:03:51
290,Guozhen,34.3659,107.359,40.26,70,95,3.33,CN,2022-02-14 01:04:19
291,Waddan,29.1614,16.139,50.72,48,0,9.37,LY,2022-02-14 01:04:20
292,Shevchenkove,49.6959,37.1735,22.78,93,9,5.39,UA,2022-02-14 01:04:20
293,Joshimath,30.5667,79.5667,36.99,37,0,9.24,IN,2022-02-14 01:04:21
294,Bima,-8.4667,118.7167,82.58,78,40,2.82,ID,2022-02-14 01:04:22
295,Laguna,38.421,-121.4238,74.64,45,0,5.75,US,2022-02-14 01:03:27
296,Macomer,40.262,8.7699,38.23,93,15,2.57,IT,2022-02-14 01:04:22
297,Shawville,45.6001,-76.4827,0.68,94,100,3.15,CA,2022-02-14 01:04:23
298,Mirabad,30.4362,61.8383,50.05,52,4,18.9,AF,2022-02-14 01:04:23
299,Tarko-Sale,64.9225,77.785,-10.08,97,12,10.85,RU,2022-02-14 01:04:23
300,Tuktoyaktuk,69.4541,-133.0374,-33.0,99,77,6.33,CA,2022-02-14 01:03:15
301,Conde,-7.2597,-34.9075,80.06,83,20,6.91,BR,2022-02-14 01:04:24
302,Le Port,-20.9373,55.2919,78.8,80,7,5.32,RE,2022-02-14 01:04:25
303,Arroyo,41.6096,-4.7969,46.18,81,0,11.5,ES,2022-02-14 01:04:25
304,Hastings,50.8552,0.5729,49.98,82,100,24.36,GB,2022-02-14 01:01:56
305,Petropavlovsk-Kamchatskiy,53.0452,158.6483,21.79,50,75,17.9,RU,2022-02-14 01:04:26
306,Morondava,-20.2833,44.2833,78.46,89,23,5.82,MG,2022-02-14 01:03:48
307,Bollnas,61.3482,16.3946,38.39,89,100,9.26,SE,2022-02-14 01:04:26
308,Sindor,62.8629,51.8905,2.55,99,100,3.8,RU,2022-02-14 01:04:27
309,Dingle,10.9995,122.6711,81.41,75,100,9.17,PH,2022-02-14 01:04:27
310,Dandeli,15.2667,74.6167,66.42,57,6,2.35,IN,2022-02-14 01:04:28
311,Pochutla,15.7432,-96.4661,82.22,69,7,2.33,MX,2022-02-14 01:04:28
312,Warrington,53.3925,-2.5802,45.86,90,75,14.97,GB,2022-02-14 01:04:29
313,Ukiah,39.1502,-123.2078,71.56,28,0,4.61,US,2022-02-14 01:04:29
314,Jamkhandi,16.5167,75.3,66.76,39,7,7.05,IN,2022-02-14 01:04:30
315,Oriximina,-1.7656,-55.8661,77.05,83,92,1.52,BR,2022-02-14 01:04:30
316,Cap Malheureux,-19.9842,57.6142,80.47,79,100,5.99,MU,2022-02-14 01:04:31
317,Port Macquarie,-31.4333,152.9167,74.53,64,66,9.98,AU,2022-02-14 01:03:18
318,Belmonte,-15.8631,-38.8828,77.5,88,88,6.35,BR,2022-02-14 01:04:32
319,Sampit,-2.5333,112.95,78.62,87,100,1.88,ID,2022-02-14 01:04:32
320,Lavrentiya,65.5833,-171.0,-17.21,92,14,2.42,RU,2022-02-14 01:03:35
321,Yellowknife,62.456,-114.3525,-17.59,89,33,1.25,CA,2022-02-14 01:05:33
322,Chabahar,25.2919,60.643,70.45,68,96,3.8,IR,2022-02-14 01:05:33
323,Anadyr,64.75,177.4833,-30.5,66,69,6.71,RU,2022-02-14 01:05:34
324,Kahului,20.8947,-156.47,80.62,63,20,14.97,US,2022-02-14 01:03:10
325,Leshukonskoye,64.8989,45.7622,-0.42,98,88,5.44,RU,2022-02-14 01:05:35
326,Sambava,-14.2667,50.1667,73.6,93,25,4.59,MG,2022-02-14 01:05:35
327,Wakkanai,45.4094,141.6739,26.92,78,94,22.26,JP,2022-02-14 01:05:36
328,Beyneu,45.3167,55.2,27.09,85,6,14.9,KZ,2022-02-14 01:05:36
329,Jacmel,18.2342,-72.5347,80.44,78,19,2.62,HT,2022-02-14 01:05:37
330,Collie,-33.3667,116.15,71.98,44,0,9.08,AU,2022-02-14 01:05:38
331,Kargasok,59.0556,80.8572,5.34,94,100,12.77,RU,2022-02-14 01:03:58
332,San Andres,12.5847,-81.7006,82.42,74,20,14.97,CO,2022-02-14 01:05:38
333,Bay Roberts,47.5999,-53.2648,35.33,80,100,4.0,CA,2022-02-14 01:05:39
334,Mersing,2.4312,103.8405,77.97,87,100,1.61,MY,2022-02-14 01:05:39
335,Balgazyn,51.0,95.2,-24.59,98,70,1.88,RU,2022-02-14 01:05:39
336,Tiarei,-17.5333,-149.3333,86.02,77,97,16.69,PF,2022-02-14 01:05:40
337,Syamzha,60.0158,41.0614,27.88,92,100,10.49,RU,2022-02-14 01:05:41
338,Itacoatiara,-3.1431,-58.4442,74.35,95,100,2.66,BR,2022-02-14 01:02:16
339,Sao Joao Da Barra,-21.6403,-41.0511,76.32,89,12,12.24,BR,2022-02-14 01:05:42
340,Edd,13.9297,41.6925,76.51,81,0,5.5,ER,2022-02-14 01:05:42
341,Nakusp,50.2499,-117.8023,35.28,97,71,1.07,CA,2022-02-14 01:05:43
342,Padang,-0.9492,100.3543,75.25,69,71,3.42,ID,2022-02-14 01:05:43
343,Mattru,7.6244,-11.8332,74.48,96,16,2.24,SL,2022-02-14 01:05:44
344,Bagula,23.3167,88.65,57.04,65,4,6.2,IN,2022-02-14 01:05:44
345,Velikovechnoye,44.934,39.755,31.55,72,85,11.63,RU,2022-02-14 01:05:45
346,Neiafu,-18.65,-173.9833,82.24,74,78,13.38,TO,2022-02-14 01:01:13
347,Tezu,27.9167,96.1667,53.69,41,0,4.05,IN,2022-02-14 01:05:45
348,Beringovskiy,63.05,179.3167,-20.47,94,20,9.48,RU,2022-02-14 01:05:46
349,Arica,-18.475,-70.3042,68.23,77,75,3.44,CL,2022-02-14 01:05:46
350,Asau,46.4333,26.4,28.96,80,97,4.0,RO,2022-02-14 01:05:47
351,Abu Dhabi,24.4667,54.3667,61.97,81,20,6.91,AE,2022-02-14 01:04:06
352,Naze,28.3667,129.4833,57.47,84,100,18.84,JP,2022-02-14 01:05:48
353,Am Timan,11.0297,20.2827,75.92,16,100,7.49,TD,2022-02-14 01:05:48
354,Kivertsi,50.8343,25.4582,27.91,86,9,8.32,UA,2022-02-14 01:05:48
355,George Town,5.4112,100.3354,80.53,85,20,0.0,MY,2022-02-14 01:03:53
356,Pelym,61.0108,61.9978,-8.57,100,93,1.61,RU,2022-02-14 01:05:49
357,Klaksvik,62.2266,-6.589,32.92,65,100,28.66,FO,2022-02-14 01:02:48
358,Roslavl,53.9528,32.8639,21.18,90,93,10.07,RU,2022-02-14 01:05:50
359,Aksarka,66.5606,67.7975,-11.65,99,100,2.19,RU,2022-02-14 01:05:50
360,Shebunino,46.4339,141.8603,24.37,74,85,11.45,RU,2022-02-14 01:05:51
361,Shelburne,44.0787,-80.2041,9.12,81,100,3.04,CA,2022-02-14 01:05:51
362,Margate,51.3813,1.3862,49.96,89,100,8.99,GB,2022-02-14 01:05:52
363,Blagoyevo,63.3667,47.9167,-0.71,99,65,4.45,RU,2022-02-14 01:05:52
364,Mount Gambier,-37.8333,140.7667,72.05,56,30,8.7,AU,2022-02-14 01:06:54
365,Talcahuano,-36.7167,-73.1167,60.48,82,100,9.22,CL,2022-02-14 01:05:15
366,Kerchevskiy,59.946,56.2884,-2.15,100,100,2.13,RU,2022-02-14 01:06:54
367,Kottagudem,17.55,80.6333,63.1,90,36,2.37,IN,2022-02-14 01:06:55
368,Tabuk,17.4189,121.4443,76.93,82,47,4.05,PH,2022-02-14 01:06:56
369,Ascension,30.2169,-90.9001,51.01,37,0,4.61,US,2022-02-14 01:06:56
370,Palestina,31.9216,35.2033,43.36,86,36,6.15,PS,2022-02-14 01:06:57
371,Basco,20.4487,121.9702,74.23,86,100,23.49,PH,2022-02-14 01:06:57
372,Constantine,36.365,6.6147,40.41,81,0,0.0,DZ,2022-02-14 01:06:58
373,Hervey Bay,-25.2986,152.8535,75.85,79,12,19.6,AU,2022-02-14 01:02:20
374,Okhotsk,59.3833,143.3,-7.4,76,0,14.05,RU,2022-02-14 01:06:59
375,Tigil,57.8,158.6667,7.54,85,100,3.85,RU,2022-02-14 01:06:59
376,Andenes,69.3143,16.1194,31.98,69,40,4.61,NO,2022-02-14 01:03:10
377,Olari,46.3833,21.55,37.42,73,61,4.47,RO,2022-02-14 01:07:00
378,Chokurdakh,70.6333,147.9167,-13.34,96,87,8.46,RU,2022-02-14 01:07:00
379,Logatec,45.9144,14.2258,34.38,87,9,4.38,SI,2022-02-14 01:07:01
380,Hilton Head Island,32.2163,-80.7526,55.98,44,0,11.5,US,2022-02-14 01:07:01
381,Kungurtug,50.5994,97.5228,-25.67,97,46,1.63,RU,2022-02-14 01:07:02
382,Krasnoborsk,61.5598,45.934,10.06,93,100,5.61,RU,2022-02-14 01:07:02
383,Tual,-5.6667,132.75,80.13,79,73,7.56,ID,2022-02-14 01:07:03
384,Biysk,52.5364,85.2072,13.37,91,100,3.53,RU,2022-02-14 01:07:03
385,Port Hedland,-20.3167,118.5667,91.45,52,34,18.41,AU,2022-02-14 01:02:48
386,Labuhan,-6.8844,112.2051,77.18,89,100,5.53,ID,2022-02-14 01:07:04
387,Acapulco,16.8634,-99.8901,80.42,74,75,5.75,MX,2022-02-14 01:05:40
388,Kilindoni,-7.9139,39.6668,80.28,78,100,9.86,TZ,2022-02-14 01:05:07
389,Bosaso,11.2842,49.1816,71.6,77,41,2.17,SO,2022-02-14 01:07:05
390,Valdemarpils,57.3707,22.5919,36.82,81,100,13.49,LV,2022-02-14 01:07:06
391,Vikulovo,56.8167,70.6107,-17.79,100,100,3.76,RU,2022-02-14 01:07:06
392,Rodbyhavn,54.6544,11.352,43.11,82,100,23.47,DK,2022-02-14 01:07:07
393,Nemuro,43.3236,145.575,23.43,87,100,13.47,JP,2022-02-14 01:05:01
394,Wattegama,6.7989,81.4808,74.32,94,84,4.79,LK,2022-02-14 01:03:49
395,Kununurra,-15.7667,128.7333,75.18,94,36,4.61,AU,2022-02-14 01:04:47
396,Gorgan,36.8387,54.4348,45.23,89,100,5.77,IR,2022-02-14 01:07:08
397,Cabo San Lucas,22.8909,-109.9124,76.6,55,100,6.46,MX,2022-02-14 01:06:46
398,Zhigansk,66.7697,123.3711,-37.01,100,41,1.3,RU,2022-02-14 01:07:09
399,Chapada Dos Guimaraes,-15.4606,-55.7497,69.46,93,100,3.0,BR,2022-02-14 01:07:09
400,Camana,-16.6228,-72.7111,71.71,81,32,6.89,PE,2022-02-14 01:07:10
401,Mbuji-Mayi,-6.15,23.6,69.89,94,100,2.53,CD,2022-02-14 01:04:59
402,Bucuresci,46.1333,22.9,28.15,82,22,2.89,RO,2022-02-14 01:07:10
403,Avera,33.194,-82.5271,48.7,33,0,15.7,US,2022-02-14 01:04:31
404,Iralaya,15.0,-83.2333,76.59,83,6,10.49,HN,2022-02-14 01:07:11
405,Nokaneng,-19.6667,22.2667,67.53,84,6,3.04,BW,2022-02-14 01:07:12
406,Lagunas,-5.2269,-75.6753,74.41,88,100,1.5,PE,2022-02-14 01:07:12
407,Omboue,-1.5746,9.2618,78.28,83,100,4.99,GA,2022-02-14 01:07:13
408,Santa Isabel Do Rio Negro,-0.4139,-65.0192,73.54,95,87,1.41,BR,2022-02-14 01:07:13
409,Saint-Leu,-21.15,55.2833,77.86,79,3,2.42,RE,2022-02-14 01:07:14
410,Seoul,37.5683,126.9778,38.71,67,100,2.73,KR,2022-02-14 01:05:19
411,Talnakh,69.4865,88.3972,-7.89,70,7,8.68,RU,2022-02-14 01:08:15
412,Marsh Harbour,26.5412,-77.0636,73.6,87,100,16.37,BS,2022-02-14 01:05:31
413,Tyumentsevo,53.3224,81.498,17.01,92,93,12.17,RU,2022-02-14 01:08:15
414,Udachnyy,66.4167,112.4,-22.83,88,13,1.1,RU,2022-02-14 01:08:16
415,Punta Alta,-38.8759,-62.0736,75.7,32,0,8.88,AR,2022-02-14 01:08:16
416,Buala,-8.145,159.5921,81.55,80,100,6.78,SB,2022-02-14 01:08:17
417,Skrunda,56.6833,22.0167,35.26,84,100,10.58,LV,2022-02-14 01:08:17
418,Ulagan,50.6321,87.9563,-1.79,91,100,2.48,RU,2022-02-14 01:08:18
419,Sabha,27.0377,14.4283,51.57,33,0,11.43,LY,2022-02-14 01:08:19
420,Bratsk,56.1325,101.6142,-14.31,100,97,2.04,RU,2022-02-14 01:08:19
421,Belawan,3.7755,98.6832,77.29,87,42,4.36,ID,2022-02-14 01:08:20
422,Gigmoto,13.7796,124.39,80.47,73,62,9.86,PH,2022-02-14 01:08:20
423,Pringsewu,-5.3582,104.9744,74.75,94,100,1.7,ID,2022-02-14 01:08:20
424,Havre-Saint-Pierre,50.2334,-63.5986,-2.34,81,5,9.75,CA,2022-02-14 01:08:21
425,Hirara,24.8,125.2833,65.14,83,100,27.22,JP,2022-02-14 01:08:21
426,Port Blair,11.6667,92.75,74.01,71,41,8.08,IN,2022-02-14 01:08:22
427,Strezhevoy,60.7333,77.5889,-4.02,94,100,9.13,RU,2022-02-14 01:08:22
428,Brownwood,31.7093,-98.9912,58.77,30,0,4.61,US,2022-02-14 01:08:23
429,Husavik,66.0449,-17.3389,13.24,76,90,17.02,IS,2022-02-14 01:08:24
430,Ullapool,57.8987,-5.1604,42.35,93,100,5.7,GB,2022-02-14 01:08:24
431,Isangel,-19.55,169.2667,85.5,70,26,10.45,VU,2022-02-14 01:08:25
432,Mastic Beach,40.7668,-72.8521,29.01,88,100,7.0,US,2022-02-14 01:08:25
433,Kavieng,-2.5744,150.7967,83.53,73,86,7.27,PG,2022-02-14 01:08:26
434,Coihaique,-45.5752,-72.0662,63.21,55,67,3.44,CL,2022-02-14 01:08:26
435,Pinawa,50.1489,-95.8811,-1.37,95,100,5.06,CA,2022-02-14 01:08:27
436,Acajutla,13.5928,-89.8275,83.8,71,0,5.44,SV,2022-02-14 01:08:27
437,Nusaybin,37.0778,41.2178,45.57,41,56,3.31,TR,2022-02-14 01:08:28
438,Bengkulu,-3.8004,102.2655,78.12,80,100,3.51,ID,2022-02-14 01:08:28
439,Bindura,-17.3019,31.3306,68.02,96,100,2.15,ZW,2022-02-14 01:08:29
440,Inuvik,68.3499,-133.7218,-18.89,98,100,7.09,CA,2022-02-14 01:08:29
441,Umba,66.6871,34.3429,24.87,95,100,14.36,RU,2022-02-14 01:08:30
442,Krasnovishersk,60.4078,57.082,0.75,99,100,1.12,RU,2022-02-14 01:08:31
443,Zelenoborskiy,66.845,32.3622,22.23,96,100,7.56,RU,2022-02-14 01:08:31
444,Sergeyevka,53.88,67.4158,5.65,96,100,3.56,KZ,2022-02-14 01:08:32
445,Saint-Pierre,-21.3393,55.4781,78.48,78,75,4.61,RE,2022-02-14 01:08:32
446,Salym,60.0625,71.4789,2.19,97,100,3.67,RU,2022-02-14 01:08:32
447,Bethanien,-26.502,17.1583,75.07,59,100,1.14,NA,2022-02-14 01:08:33
448,Khani,41.9563,42.9566,33.37,78,100,7.38,GE,2022-02-14 01:08:34
449,Killam,52.7834,-111.8518,26.62,95,100,5.53,CA,2022-02-14 01:05:25
450,Rawson,-43.3002,-65.1023,76.19,31,1,19.24,AR,2022-02-14 01:07:18
451,Hailar,49.2,119.7,-24.29,98,99,1.48,CN,2022-02-14 01:08:34
452,Putevka,53.2583,34.2878,19.53,92,36,8.99,RU,2022-02-14 01:08:35
453,Hofn,64.2539,-15.2082,22.46,66,28,9.42,IS,2022-02-14 01:08:36
454,Nouadhibou,20.931,-17.0347,64.76,76,98,19.13,MR,2022-02-14 01:08:54
455,Vanimo,-2.6741,141.3028,81.91,81,100,2.01,PG,2022-02-14 01:09:36
456,Los Llanos De Aridane,28.6585,-17.9182,60.55,76,100,6.91,ES,2022-02-14 01:09:37
457,Dinar,38.065,30.1656,37.18,84,10,2.91,TR,2022-02-14 01:09:37
458,Camacha,33.0833,-16.3333,57.96,72,20,2.3,PT,2022-02-14 01:09:38
459,Chipurupalle,18.3,83.5667,60.48,67,16,3.04,IN,2022-02-14 01:09:39
460,Shingu,33.7333,135.9833,46.9,73,100,3.76,JP,2022-02-14 01:09:39
461,Chardara,41.2547,67.9692,41.43,61,100,11.74,KZ,2022-02-14 01:09:40
462,Guaruja,-23.9931,-46.2564,80.17,26,0,4.54,BR,2022-02-14 01:09:40
463,Varzea Grande,-15.6467,-56.1325,76.87,94,40,1.14,BR,2022-02-14 01:05:20
464,Ankang,32.68,109.0172,45.7,61,100,1.88,CN,2022-02-14 01:09:41
465,New Amsterdam,6.25,-57.5167,75.0,86,100,5.23,GY,2022-02-14 01:09:41
466,Punta De Bombon,-17.1717,-71.7931,70.88,80,99,5.84,PE,2022-02-14 01:09:42
467,Annau,37.8876,58.516,42.8,84,98,13.09,TM,2022-02-14 01:09:42
468,Jackson,42.4165,-122.8345,66.36,42,0,0.0,US,2022-02-14 01:07:03
469,Westport,41.1415,-73.3579,29.32,69,100,8.05,US,2022-02-14 01:06:32
470,Luderitz,-26.6481,15.1594,72.1,64,1,8.59,NA,2022-02-14 01:09:43
471,Kavaratti,10.5669,72.642,80.46,72,0,6.67,IN,2022-02-14 01:09:44
472,Touho,-20.7833,165.2333,82.72,77,100,12.71,NC,2022-02-14 01:09:44
473,Lagoa,39.05,-27.9833,56.64,59,100,4.38,PT,2022-02-14 01:09:45
474,San Ramon,37.7799,-121.978,75.04,52,0,8.05,US,2022-02-14 01:09:45
475,Thinadhoo,0.5333,72.9333,81.61,73,97,9.26,MV,2022-02-14 01:09:46
476,Bowen,-20.0167,148.2333,83.44,63,11,21.68,AU,2022-02-14 01:09:46
477,Jiayuguan,39.8167,98.3,21.78,62,95,3.87,CN,2022-02-14 01:06:06
478,Zavodouspenskoye,56.8626,65.0155,6.49,97,98,3.51,RU,2022-02-14 01:09:47
479,Inhambane,-23.865,35.3833,75.61,83,0,7.47,MZ,2022-02-14 01:09:48
480,Chernyshevskiy,63.0128,112.4714,-23.78,100,99,1.59,RU,2022-02-14 01:09:48
481,Kamyaran,34.7956,46.9355,30.02,70,0,5.95,IR,2022-02-14 01:09:49
482,Burns Lake,54.2331,-125.7533,33.82,97,100,2.17,CA,2022-02-14 01:09:49
483,Manjeshwar,12.7194,74.8861,74.35,82,91,5.1,IN,2022-02-14 01:09:50
484,Magdagachi,53.45,125.8,4.35,85,98,3.44,RU,2022-02-14 01:09:50
485,Mackenzie,55.2999,-123.1698,33.42,99,100,0.87,CA,2022-02-14 01:09:51
486,Coquimbo,-29.9533,-71.3436,65.93,72,0,6.91,CL,2022-02-14 01:09:51
487,Axim,4.8699,-2.2405,78.33,86,100,6.38,GH,2022-02-14 01:09:52
488,Saint-Augustin,51.226,-58.6502,-19.86,93,42,6.33,CA,2022-02-14 01:09:52
489,Fort Dodge,42.4975,-94.168,15.75,67,100,6.91,US,2022-02-14 01:09:53
490,Tianpeng,30.9866,103.9393,45.52,79,100,1.9,CN,2022-02-14 01:05:12
491,Morgan City,29.6994,-91.2068,50.0,34,0,5.75,US,2022-02-14 01:09:53
492,Carauari,-4.8828,-66.8958,73.27,99,100,1.39,BR,2022-02-14 01:07:45
493,Mehamn,71.0357,27.8492,19.99,93,100,6.26,NO,2022-02-14 01:09:54
494,Jahangirabad,28.4167,78.1,50.7,73,0,0.38,IN,2022-02-14 01:09:54
495,Hambantota,6.1241,81.1185,75.54,100,20,6.91,LK,2022-02-14 01:09:55
496,Auki,-8.7676,160.7034,77.34,92,100,3.49,SB,2022-02-14 01:09:55
497,Kamina,-8.7386,24.9906,62.98,98,100,5.75,CD,2022-02-14 01:09:56
498,Marovoay,-16.1,46.6333,72.93,97,77,4.7,MG,2022-02-14 01:09:56
499,Garissa,-0.4536,39.6401,75.87,72,56,7.52,KE,2022-02-14 01:09:57
500,Coahuayana,18.7333,-103.6833,89.08,65,91,2.62,MX,2022-02-14 01:09:57
501,Jiblah,13.9216,44.1467,57.31,85,21,1.36,YE,2022-02-14 01:09:58
502,Tornio,65.8481,24.1466,19.42,93,73,7.47,FI,2022-02-14 01:10:58
503,Dori,14.0354,-0.0345,75.58,11,0,8.68,BF,2022-02-14 01:10:59
504,Ylivieska,64.0833,24.55,34.32,97,100,9.64,FI,2022-02-14 01:10:59
505,Tekkali,18.6167,84.2333,61.99,57,24,3.91,IN,2022-02-14 01:11:00
506,Kyaikto,17.3,97.0167,68.83,31,10,2.95,MM,2022-02-14 01:11:00
507,Mezen,65.8522,44.24,4.05,91,100,8.5,RU,2022-02-14 01:11:01
508,Taywarah,33.35,64.4167,17.28,79,14,5.14,AF,2022-02-14 01:11:01
509,Laksham,23.2472,91.1425,56.19,71,0,6.73,BD,2022-02-14 01:11:02
510,Bjornevatn,69.6672,29.9847,16.14,92,100,9.22,NO,2022-02-14 01:11:02
511,Rancho Palos Verdes,33.7445,-118.387,84.94,36,0,5.01,US,2022-02-14 01:11:03
512,Comodoro Rivadavia,-45.8667,-67.5,62.46,55,0,12.66,AR,2022-02-14 01:11:03
513,Honningsvag,70.9821,25.9704,20.5,84,100,6.98,NO,2022-02-14 01:11:04
514,Innsbruck,47.2627,11.3945,29.48,68,2,8.05,AT,2022-02-14 01:11:05
515,Cururupu,-1.8283,-44.8683,74.3,96,98,3.18,BR,2022-02-14 01:11:05
516,Luanda,-8.8368,13.2343,76.98,86,97,2.57,AO,2022-02-14 01:11:06
517,Barabinsk,55.3571,78.357,6.8,94,100,10.47,RU,2022-02-14 01:11:06
518,Maniitsoq,65.4167,-52.9,1.2,88,100,7.23,GL,2022-02-14 01:11:07
519,Verkhoyansk,67.5447,133.385,-16.85,88,97,1.14,RU,2022-02-14 01:11:07
520,Kovdor,67.5662,30.4758,15.35,96,100,3.76,RU,2022-02-14 01:11:08
521,Etchoropo,26.7667,-109.6667,67.75,55,100,14.5,MX,2022-02-14 01:11:08
522,Rondonopolis,-16.4708,-54.6356,73.92,92,100,2.44,BR,2022-02-14 01:11:09
523,Mahibadhoo,3.7833,72.9667,81.16,76,76,9.44,MV,2022-02-14 01:11:09
524,Kita,13.0349,-9.4895,70.03,14,27,5.26,ML,2022-02-14 01:11:10
525,Mino,34.8269,135.4706,45.84,64,100,12.17,JP,2022-02-14 01:11:10
526,Marondera,-18.1853,31.5519,54.18,78,19,2.3,ZW,2022-02-14 01:11:11
527,Zhangye,38.9342,100.4517,24.46,83,100,6.62,CN,2022-02-14 01:11:11
528,Neuquen,-38.9516,-68.0591,75.09,50,0,0.0,AR,2022-02-14 01:10:20
529,Los Altos,37.3852,-122.1141,77.41,47,0,5.75,US,2022-02-14 01:11:12
530,Povenets,62.8487,34.8262,28.9,97,100,12.21,RU,2022-02-14 01:11:12
531,Balkhash,46.844,74.9804,17.67,96,100,5.91,KZ,2022-02-14 01:11:13
532,Baykit,61.67,96.37,-21.6,100,56,3.6,RU,2022-02-14 01:11:13
533,Najran,17.4924,44.1277,51.69,49,29,2.64,SA,2022-02-14 01:11:14
534,Rorvik,64.8621,11.2373,36.14,53,100,18.66,NO,2022-02-14 01:11:14
535,George,-33.963,22.4617,65.98,91,89,12.93,ZA,2022-02-14 01:11:15
536,Manokwari,-0.8667,134.0833,82.06,68,100,4.36,ID,2022-02-14 01:11:16
537,Changzhou,31.7833,119.9667,46.99,70,90,2.64,CN,2022-02-14 01:11:16
538,Tabou,4.423,-7.3528,76.6,89,84,2.91,CI,2022-02-14 01:11:17
539,Valparaiso,-33.0393,-71.6273,67.48,78,75,5.75,CL,2022-02-14 01:11:17
540,Nome,64.5011,-165.4064,-2.13,55,0,0.0,US,2022-02-14 01:11:18
541,Kolpashevo,58.3131,82.9089,7.11,94,100,11.61,RU,2022-02-14 01:11:18
542,Dumabato,16.3167,121.7,75.79,85,92,1.45,PH,2022-02-14 01:11:19
543,Mosquera,4.7059,-74.2302,55.49,88,75,11.5,CO,2022-02-14 01:11:19
544,Ponta Delgada,37.7333,-25.6667,59.5,62,75,8.05,PT,2022-02-14 01:11:20
545,La Paz,-16.5,-68.15,46.38,100,75,5.75,BO,2022-02-14 01:11:20
546,Port Hardy,50.6996,-127.4199,49.75,74,100,7.11,CA,2022-02-14 01:11:21
547,Formosa,-26.1775,-58.1781,75.18,50,0,6.91,AR,2022-02-14 01:09:54
548,Bahia Honda,22.9036,-83.1592,70.99,80,46,14.56,CU,2022-02-14 01:12:22
549,Waingapu,-9.6567,120.2641,82.4,75,99,6.82,ID,2022-02-14 01:12:23
550,Linjiang,41.8069,126.9078,21.61,91,100,2.01,CN,2022-02-14 01:12:23
551,Vallenar,-28.5708,-70.7581,68.52,54,0,2.19,CL,2022-02-14 01:12:24
552,Pitimbu,-7.4706,-34.8086,81.19,74,2,10.71,BR,2022-02-14 01:07:39
553,Dickinson,29.4608,-95.0513,56.16,52,0,0.0,US,2022-02-14 01:12:24
554,Gat,31.61,34.7642,51.82,100,99,6.78,IL,2022-02-14 01:12:25
555,San Antonio,29.4241,-98.4936,59.16,27,0,8.05,US,2022-02-14 01:10:17
556,Macusani,-14.0833,-70.4333,39.27,96,100,3.85,PE,2022-02-14 01:12:26
557,Sri Aman,1.2376,111.4621,77.22,91,67,2.35,MY,2022-02-14 01:12:26
558,Pampa,35.5362,-100.9599,54.55,29,0,9.22,US,2022-02-14 01:12:26
559,Grand-Santi,4.25,-54.3833,72.25,99,34,2.53,GF,2022-02-14 01:12:27
560,Roma,43.2128,-75.4557,15.96,67,100,13.8,US,2022-02-14 01:12:27
561,Clarence Town,-32.5833,151.7833,82.27,46,86,7.9,AU,2022-02-14 01:12:28
562,Lyuban,52.7985,28.0048,25.99,83,7,9.1,BY,2022-02-14 01:12:29
563,Moyamba,8.1667,-12.4333,74.08,93,17,2.57,SL,2022-02-14 01:12:29
564,Rosamorada,22.1222,-105.2058,75.42,33,98,4.68,MX,2022-02-14 01:12:30
565,Akdepe,42.0551,59.3788,30.2,68,6,13.89,TM,2022-02-14 01:12:30
566,Abu Samrah,35.3029,37.1841,45.39,74,0,8.05,SY,2022-02-14 01:12:31
567,Smithers,54.7804,-127.1743,34.12,80,100,2.3,CA,2022-02-14 01:12:31
568,Portland,45.5234,-122.6762,61.43,57,75,4.0,US,2022-02-14 01:10:07
569,San Cristobal,7.7669,-72.225,67.23,76,100,0.94,VE,2022-02-14 01:12:32
570,Sisimiut,66.9395,-53.6735,-0.2,96,100,18.07,GL,2022-02-14 01:12:32
571,Nelidovo,56.2211,32.7774,23.22,88,100,10.63,RU,2022-02-14 01:12:32
572,Chapais,49.7834,-74.8492,-19.73,99,99,1.74,CA,2022-02-14 01:12:33
573,Mangrol,21.1167,70.1167,64.71,73,22,9.69,IN,2022-02-14 01:12:33
574,Chama,47.1821,8.4636,35.22,100,0,0.0,CH,2022-02-14 01:12:34
575,Saint-Ambroise,48.5501,-71.3324,-26.23,100,54,0.69,CA,2022-02-14 01:12:34
576,Byron Bay,-28.65,153.6167,80.55,84,69,11.88,AU,2022-02-14 01:10:02
577,Eureka,40.8021,-124.1637,65.75,87,100,2.48,US,2022-02-14 01:12:35
578,Santarem,-2.4431,-54.7083,78.93,89,0,6.91,BR,2022-02-14 01:09:05
579,Kodinsk,58.6881,99.1844,-23.67,100,22,3.33,RU,2022-02-14 01:12:35
580,Huarmey,-10.0681,-78.1522,72.9,77,91,8.61,PE,2022-02-14 01:12:36
581,Tamandare,-8.7597,-35.1047,80.29,75,36,10.78,BR,2022-02-14 01:12:36
582,Pierre,44.3683,-100.351,45.28,43,0,13.8,US,2022-02-14 01:09:44
583,Yar-Sale,66.8333,70.8333,-19.26,99,100,7.47,RU,2022-02-14 01:12:37
584,Vostok,46.4856,135.8833,9.86,89,100,3.29,RU,2022-02-14 01:12:37
585,Dzaoudzi,-12.7887,45.2699,76.89,94,0,2.3,YT,2022-02-14 01:12:38
586,Atar,20.5169,-13.0499,66.04,20,96,7.63,MR,2022-02-14 01:12:38
587,Boguchany,58.3814,97.4531,-24.32,100,29,3.18,RU,2022-02-14 01:12:39
588,Mackay,-21.15,149.2,84.69,72,38,21.45,AU,2022-02-14 01:12:39
