City_ID,City,Lat,Lng,Max Temp,Humidity,Cloudiness,Wind Speed,Country,Date,description
0,Hilo,19.7297,-155.09,72.25,89,46,1.01,US,2022-02-14 04:04:46,scattered clouds
1,Ponta Do Sol,32.6667,-17.1,61.05,74,94,1.77,PT,2022-02-14 04:01:38,overcast clouds
2,Ushuaia,-54.8,-68.3,33.1,92,31,4.85,AR,2022-02-14 04:05:05,scattered clouds
3,Luderitz,-26.6481,15.1594,70.43,71,0,8.9,NA,2022-02-14 04:06:06,clear sky
4,Tuktoyaktuk,69.4541,-133.0374,-34.35,100,71,7.61,CA,2022-02-14 04:06:07,broken clouds
5,Norman Wells,65.282,-126.8329,-5.84,99,100,0.92,CA,2022-02-14 04:06:07,overcast clouds
6,Capinopolis,-18.6819,-49.5697,69.55,94,8,3.33,BR,2022-02-14 04:06:08,clear sky
7,Bambous Virieux,-20.3428,57.7575,82.22,86,100,13.47,MU,2022-02-14 04:06:08,light rain
8,Dwarka,22.2394,68.9678,70.68,57,0,4.27,IN,2022-02-14 04:06:09,clear sky
9,Nikolskoye,59.7035,30.7861,36.88,92,100,11.3,RU,2022-02-14 04:06:09,overcast clouds
10,Wanning,18.8003,110.3967,68.41,90,100,9.48,CN,2022-02-14 04:06:10,overcast clouds
11,Punta Arenas,-53.15,-70.9167,44.71,57,40,11.5,CL,2022-02-14 04:06:10,scattered clouds
12,Castro,-24.7911,-50.0119,63.82,91,82,1.5,BR,2022-02-14 04:06:11,broken clouds
13,Paris,48.8534,2.3488,54.37,81,100,20.71,FR,2022-02-14 04:02:47,overcast clouds
14,Vitkov,49.7744,17.7494,33.35,81,8,17.25,CZ,2022-02-14 04:06:11,clear sky
15,Mataura,-46.1927,168.8643,70.9,39,100,5.77,NZ,2022-02-14 04:06:12,overcast clouds
16,Konstantinovka,49.6167,127.9833,8.24,88,100,5.86,RU,2022-02-14 04:06:12,overcast clouds
17,Ixtapa,20.7,-105.2,74.23,83,75,0.0,MX,2022-02-14 04:06:06,broken clouds
18,Iqaluit,63.7506,-68.5145,-22.5,96,100,4.41,CA,2022-02-14 04:06:13,overcast clouds
19,Hobyo,5.3505,48.5268,76.91,68,50,16.6,SO,2022-02-14 04:06:13,scattered clouds
20,Isangel,-19.55,169.2667,84.63,72,64,12.3,VU,2022-02-14 04:06:14,broken clouds
21,Lavrentiya,65.5833,-171.0,-21.24,93,12,5.17,RU,2022-02-14 04:05:35,few clouds
22,Dikson,73.5069,80.5464,-5.8,91,70,22.32,RU,2022-02-14 04:06:14,broken clouds
23,Gwadar,25.1216,62.3254,70.63,66,22,6.44,PK,2022-02-14 04:06:15,light rain
24,Saldanha,-33.0117,17.9442,63.79,88,0,12.44,ZA,2022-02-14 04:06:15,clear sky
25,Cape Town,-33.9258,18.4232,68.34,79,0,1.99,ZA,2022-02-14 04:03:08,clear sky
26,Tasiilaq,65.6145,-37.6368,23.16,85,100,25.05,GL,2022-02-14 04:06:16,overcast clouds
27,Aklavik,68.2191,-135.0107,-21.55,97,100,11.74,CA,2022-02-14 04:06:16,overcast clouds
28,Guerrero Negro,27.9769,-114.0611,67.15,45,5,7.2,MX,2022-02-14 04:05:15,clear sky
29,Hailar,49.2,119.7,-14.17,93,100,2.71,CN,2022-02-14 04:06:17,overcast clouds
30,Atuona,-9.8,-139.0333,77.31,80,22,13.73,PF,2022-02-14 04:06:17,light rain
31,Loubomo,-4.1997,12.6739,71.22,97,100,2.3,CG,2022-02-14 04:06:18,light rain
32,Cidreira,-30.1811,-50.2056,68.67,86,20,6.46,BR,2022-02-14 04:04:14,few clouds
33,Shelburne,44.0787,-80.2041,5.56,99,99,2.55,CA,2022-02-14 04:06:19,overcast clouds
34,Kawalu,-7.3817,108.2082,84.0,72,86,1.86,ID,2022-02-14 04:06:19,overcast clouds
35,Antalaha,-14.9003,50.2788,75.0,88,64,3.65,MG,2022-02-14 04:06:20,broken clouds
36,Leshukonskoye,64.8989,45.7622,7.63,88,95,8.28,RU,2022-02-14 04:02:48,overcast clouds
37,Saint Anthony,45.0205,-93.218,8.26,77,100,13.8,US,2022-02-14 04:02:25,snow
38,Bathsheba,13.2167,-59.5167,77.61,73,40,16.11,BB,2022-02-14 04:06:20,scattered clouds
39,Bluff,-46.6,168.3333,59.2,63,100,6.8,NZ,2022-02-14 04:06:21,overcast clouds
40,Zaraza,9.3503,-65.3245,74.82,77,34,8.77,VE,2022-02-14 04:06:21,scattered clouds
41,Los Llanos De Aridane,28.6585,-17.9182,60.55,77,75,6.91,ES,2022-02-14 04:03:57,broken clouds
42,Yar-Sale,66.8333,70.8333,-20.34,99,100,7.52,RU,2022-02-14 04:06:22,overcast clouds
43,Rikitea,-23.1203,-134.9692,78.91,71,2,14.07,PF,2022-02-14 04:06:22,clear sky
44,Nuuk,64.1835,-51.7216,5.61,85,75,8.05,GL,2022-02-14 04:06:23,broken clouds
45,Mecca,21.4267,39.8261,70.25,28,18,3.83,SA,2022-02-14 04:04:41,few clouds
46,Jamestown,42.097,-79.2353,13.32,72,20,3.44,US,2022-02-14 04:06:08,few clouds
47,Vaini,-21.2,-175.2,80.13,71,91,16.04,TO,2022-02-14 04:07:24,overcast clouds
48,New Norfolk,-42.7826,147.0587,72.66,38,83,6.22,AU,2022-02-14 04:07:25,broken clouds
49,Houma,29.5958,-90.7195,46.0,58,0,5.84,US,2022-02-14 04:07:25,clear sky
50,Albany,42.6001,-73.9662,19.47,65,34,1.99,US,2022-02-14 04:07:26,scattered clouds
51,Ilulissat,69.2167,-51.1,5.02,78,75,12.66,GL,2022-02-14 04:07:26,broken clouds
52,Karlskrona,56.1616,15.5866,37.85,89,100,17.96,SE,2022-02-14 04:07:26,overcast clouds
53,Lasa,46.6166,10.7002,25.02,71,4,1.81,IT,2022-02-14 04:07:27,clear sky
54,Puerto Ayora,-0.7393,-90.3518,73.54,93,97,2.68,EC,2022-02-14 04:07:27,overcast clouds
55,Mar Del Plata,-38.0023,-57.5575,60.87,78,0,1.01,AR,2022-02-14 04:02:47,clear sky
56,Thompson,55.7435,-97.8558,-22.02,100,64,4.34,CA,2022-02-14 04:07:28,broken clouds
57,Fortuna,40.5982,-124.1573,52.41,100,100,0.0,US,2022-02-14 04:07:28,overcast clouds
58,Areosa,41.7178,-8.8571,54.91,75,21,11.52,PT,2022-02-14 04:07:29,few clouds
59,Saint George,37.1041,-113.5841,60.35,24,0,3.44,US,2022-02-14 04:06:41,clear sky
60,Xining,36.6167,101.7667,24.64,48,39,1.03,CN,2022-02-14 04:07:29,scattered clouds
61,Busselton,-33.65,115.3333,89.04,40,0,5.1,AU,2022-02-14 04:04:07,clear sky
62,Tazovskiy,67.4667,78.7,-5.96,97,89,11.21,RU,2022-02-14 04:07:30,overcast clouds
63,Yakeshi,49.2833,120.7333,-12.19,94,100,4.7,CN,2022-02-14 04:07:30,overcast clouds
64,Safaga,26.7292,33.9365,60.28,53,1,16.8,EG,2022-02-14 04:07:31,clear sky
65,Ocampo,21.65,-101.5,42.53,66,100,8.21,MX,2022-02-14 04:07:31,overcast clouds
66,Hermanus,-34.4187,19.2345,66.9,77,85,18.95,ZA,2022-02-14 04:07:31,overcast clouds
67,Helong,42.5397,128.9972,18.09,77,100,4.81,CN,2022-02-14 04:07:32,light snow
68,Sandomierz,50.6827,21.749,35.92,88,6,6.96,PL,2022-02-14 04:07:32,clear sky
69,Mareeba,-17.0,145.4333,83.44,73,57,7.99,AU,2022-02-14 04:07:33,broken clouds
70,Tabou,4.423,-7.3528,76.8,88,84,4.88,CI,2022-02-14 04:07:33,broken clouds
71,Nouadhibou,20.931,-17.0347,64.94,69,99,17.52,MR,2022-02-14 04:07:34,overcast clouds
72,Souillac,-20.5167,57.5167,82.36,86,99,13.38,MU,2022-02-14 04:07:34,light rain
73,Hirara,24.8,125.2833,64.54,81,100,24.16,JP,2022-02-14 04:07:35,overcast clouds
74,Clearwater,27.9659,-82.8001,58.91,68,0,24.0,US,2022-02-14 04:06:53,clear sky
75,Butaritari,3.0707,172.7902,81.3,77,62,12.66,KI,2022-02-14 04:07:35,light rain
76,Kapaa,22.0752,-159.319,75.18,65,0,18.41,US,2022-02-14 04:07:36,clear sky
77,Avarua,-21.2078,-159.775,77.05,88,20,8.05,CK,2022-02-14 04:07:36,light rain
78,Cap-Aux-Meules,47.3821,-61.8597,18.59,70,100,13.89,CA,2022-02-14 04:07:37,overcast clouds
79,Olafsvik,64.8945,-23.7142,33.49,67,98,12.55,IS,2022-02-14 04:07:37,overcast clouds
80,Georgetown,5.4112,100.3354,87.89,69,20,4.61,MY,2022-02-14 04:04:53,few clouds
81,Salalah,17.0151,54.0924,71.69,16,2,6.91,OM,2022-02-14 04:07:38,clear sky
82,Tateyama,34.9833,139.8667,49.01,60,100,19.28,JP,2022-02-14 04:07:38,heavy intensity rain
83,Torbay,47.6666,-52.7314,30.27,87,100,10.0,CA,2022-02-14 04:07:39,light snow
84,Qaanaaq,77.484,-69.3632,-7.94,68,77,7.67,GL,2022-02-14 04:07:39,broken clouds
85,Petropavlovsk-Kamchatskiy,53.0452,158.6483,21.79,68,75,8.95,RU,2022-02-14 04:07:40,broken clouds
86,Abashiri,44.0213,144.2697,28.51,81,100,9.71,JP,2022-02-14 04:07:40,overcast clouds
87,Tuatapere,-46.1333,167.6833,62.13,60,100,8.23,NZ,2022-02-14 04:07:40,overcast clouds
88,Carnarvon,-24.8667,113.6333,87.87,70,6,13.8,AU,2022-02-14 04:07:41,clear sky
89,Brighton,50.8284,-0.1395,47.01,91,100,15.99,GB,2022-02-14 04:07:41,overcast clouds
90,Camacha,33.0833,-16.3333,58.42,72,20,6.91,PT,2022-02-14 04:04:46,few clouds
91,San Cristobal,7.7669,-72.225,65.68,77,96,1.5,VE,2022-02-14 04:08:42,overcast clouds
92,Faanui,-16.4833,-151.75,81.1,75,100,11.9,PF,2022-02-14 04:08:42,moderate rain
93,East London,-33.0153,27.9116,70.3,89,24,12.93,ZA,2022-02-14 04:08:43,light rain
94,Reconquista,-29.15,-59.65,64.02,40,0,4.88,AR,2022-02-14 04:08:43,clear sky
95,Shakawe,-18.3667,21.85,67.69,86,87,2.71,BW,2022-02-14 04:08:44,overcast clouds
96,Pacific Grove,36.6177,-121.9166,63.61,93,100,1.01,US,2022-02-14 04:03:57,fog
97,Namibe,-15.1961,12.1522,72.99,86,90,1.1,AO,2022-02-14 04:08:43,overcast clouds
98,Yellowknife,62.456,-114.3525,-22.45,91,76,1.99,CA,2022-02-14 04:08:44,broken clouds
99,Khatanga,71.9667,102.5,-26.57,100,56,2.77,RU,2022-02-14 04:08:45,broken clouds
100,Port Macquarie,-31.4333,152.9167,77.9,65,88,10.42,AU,2022-02-14 04:03:50,overcast clouds
101,Narsaq,60.9167,-46.05,21.42,94,100,6.6,GL,2022-02-14 04:08:45,light snow
102,Abalak,58.1286,68.5944,-10.19,100,100,3.6,RU,2022-02-14 04:08:46,overcast clouds
103,Lompoc,34.6391,-120.4579,65.93,89,100,11.99,US,2022-02-14 04:08:46,mist
104,Tamadau Mare,44.4667,26.55,32.72,93,100,4.61,RO,2022-02-14 04:08:47,overcast clouds
105,Phibun Mangsahan,15.2447,105.2291,78.4,70,100,9.82,TH,2022-02-14 04:08:47,overcast clouds
106,Teguise,29.0605,-13.564,55.62,82,0,6.91,ES,2022-02-14 04:08:48,clear sky
107,Hervey Bay,-25.2986,152.8535,77.11,77,42,19.75,AU,2022-02-14 04:07:33,light rain
108,Ahipara,-35.1667,173.1667,70.43,57,13,11.77,NZ,2022-02-14 04:08:48,few clouds
109,Ayan,56.45,138.1667,2.93,70,8,0.85,RU,2022-02-14 04:08:49,clear sky
110,Port Lincoln,-34.7333,135.8667,72.41,67,15,11.77,AU,2022-02-14 04:08:49,few clouds
111,Palmer,42.1584,-72.3287,25.63,57,100,8.05,US,2022-02-14 04:08:50,overcast clouds
112,Yerbogachen,61.2767,108.0108,-8.64,92,81,4.45,RU,2022-02-14 04:08:50,broken clouds
113,Maniitsoq,65.4167,-52.9,1.4,87,100,3.15,GL,2022-02-14 04:07:29,light snow
114,Port Blair,11.6667,92.75,80.64,65,40,11.5,IN,2022-02-14 04:08:51,scattered clouds
115,Kaeo,-35.1,173.7833,77.32,54,12,5.19,NZ,2022-02-14 04:08:51,few clouds
116,Araouane,18.9048,-3.5265,57.07,25,30,11.39,ML,2022-02-14 04:08:51,scattered clouds
117,Srandakan,-7.9386,110.2506,85.5,65,91,6.35,ID,2022-02-14 04:08:52,overcast clouds
118,Truth Or Consequences,33.1284,-107.2528,48.43,25,0,0.0,US,2022-02-14 04:06:00,clear sky
119,Mahebourg,-20.4081,57.7,82.26,86,100,13.94,MU,2022-02-14 04:08:52,light rain
120,Nabire,-3.3667,135.4833,87.46,61,85,6.08,ID,2022-02-14 04:08:53,overcast clouds
121,Srednekolymsk,67.45,153.6833,-19.97,92,18,5.17,RU,2022-02-14 04:08:53,few clouds
122,Flinders,-34.5833,150.8552,84.79,61,94,7.0,AU,2022-02-14 04:08:54,overcast clouds
123,Byron Bay,-28.65,153.6167,74.71,84,65,13.2,AU,2022-02-14 04:08:29,light rain
124,Port Alfred,-33.5906,26.891,68.05,84,79,16.96,ZA,2022-02-14 04:08:55,light rain
125,Kavaratti,10.5669,72.642,80.94,70,2,8.41,IN,2022-02-14 04:08:02,clear sky
126,Sitka,57.0531,-135.33,40.89,81,100,11.5,US,2022-02-14 04:08:56,light rain
127,Chapayeve,49.3662,35.8749,16.72,91,12,4.0,UA,2022-02-14 04:08:56,few clouds
128,Verkhnevilyuysk,63.4453,120.3167,-9.69,94,100,1.61,RU,2022-02-14 04:04:04,overcast clouds
129,Dalby,-27.1833,151.2667,82.27,43,35,21.09,AU,2022-02-14 04:08:57,scattered clouds
130,Vila Franca Do Campo,37.7167,-25.4333,57.2,69,100,4.05,PT,2022-02-14 04:08:57,overcast clouds
131,Constitucion,-35.3333,-72.4167,58.71,89,72,2.3,CL,2022-02-14 04:08:57,broken clouds
132,Gondanglegi,-7.7479,112.0132,83.61,74,90,8.23,ID,2022-02-14 04:08:58,moderate rain
133,Bengkulu,-3.8004,102.2655,84.92,63,78,5.06,ID,2022-02-14 04:08:59,broken clouds
134,Pilibanga,29.4916,74.079,64.49,40,0,6.93,IN,2022-02-14 04:08:59,clear sky
135,Cherskiy,68.75,161.3,-22.0,97,94,5.84,RU,2022-02-14 04:08:35,overcast clouds
136,Tulun,54.5611,100.5792,-10.8,96,100,7.4,RU,2022-02-14 04:09:00,overcast clouds
137,Ribeira Grande,38.5167,-28.7,57.88,68,90,2.91,PT,2022-02-14 04:09:00,overcast clouds
138,Tomatlan,19.9333,-105.25,70.65,56,47,3.13,MX,2022-02-14 04:09:01,scattered clouds
139,Provideniya,64.3833,-173.3,-7.49,71,0,8.95,RU,2022-02-14 04:10:01,clear sky
140,Dingle,10.9995,122.6711,85.59,64,100,11.43,PH,2022-02-14 04:10:02,overcast clouds
141,Chacabuco,-34.6417,-60.4739,63.81,55,0,4.16,AR,2022-02-14 04:10:02,clear sky
142,Hobart,-42.8794,147.3294,73.02,61,75,10.36,AU,2022-02-14 04:08:30,broken clouds
143,Ushibuka,32.1906,130.0228,54.46,52,50,9.89,JP,2022-02-14 04:10:03,scattered clouds
144,Grindavik,63.8424,-22.4338,25.27,80,40,9.22,IS,2022-02-14 04:10:03,light snow
145,Gallup,35.5281,-108.7426,36.01,31,0,0.0,US,2022-02-14 04:10:04,clear sky
146,Bethel,41.3712,-73.414,25.56,62,100,5.75,US,2022-02-14 04:10:04,overcast clouds
147,Ust-Omchug,61.15,149.6333,-12.01,88,100,5.21,RU,2022-02-14 04:07:40,overcast clouds
148,Bredasdorp,-34.5322,20.0403,64.27,72,100,16.4,ZA,2022-02-14 04:10:06,overcast clouds
149,Mackenzie,55.2999,-123.1698,32.9,99,100,1.3,CA,2022-02-14 04:10:06,snow
150,Buala,-8.145,159.5921,79.34,86,100,3.49,SB,2022-02-14 04:10:06,overcast clouds
151,Airai,-8.9266,125.4092,74.86,56,26,2.57,TL,2022-02-14 04:10:07,scattered clouds
152,Kaitangata,-46.2817,169.8464,59.94,74,99,7.29,NZ,2022-02-14 04:10:08,overcast clouds
153,Shimoda,34.6667,138.95,42.1,60,100,14.97,JP,2022-02-14 04:10:08,light rain
154,Tshikapa,-6.4167,20.8,69.6,96,100,3.29,CD,2022-02-14 04:10:09,overcast clouds
155,Sao Filipe,14.8961,-24.4956,72.95,68,87,10.83,CV,2022-02-14 04:06:20,overcast clouds
156,Kupang,-10.1667,123.5833,85.89,63,4,0.89,ID,2022-02-14 04:10:09,clear sky
157,Bermeo,43.4209,-2.7215,51.64,81,86,18.45,ES,2022-02-14 04:10:10,overcast clouds
158,Caracoli,6.4119,-74.7606,68.65,97,76,3.87,CO,2022-02-14 04:10:10,broken clouds
159,Takoradi,4.8845,-1.7554,78.15,86,100,5.61,GH,2022-02-14 04:10:11,overcast clouds
160,Tiksi,71.6872,128.8694,-10.59,90,27,9.31,RU,2022-02-14 04:10:11,scattered clouds
161,San Quintin,30.4833,-115.95,65.64,39,0,5.84,MX,2022-02-14 04:10:12,clear sky
162,Hithadhoo,-0.6,73.0833,82.35,72,73,13.18,MV,2022-02-14 04:10:13,broken clouds
163,Akyab,20.15,92.9,74.53,36,9,1.68,MM,2022-02-14 04:10:13,clear sky
164,Severo-Kurilsk,50.6789,156.125,26.67,69,78,16.75,RU,2022-02-14 04:10:14,broken clouds
165,Matara,5.9485,80.5353,81.84,67,59,3.36,LK,2022-02-14 04:10:14,broken clouds
166,Banda Aceh,5.5577,95.3222,84.56,65,82,6.96,ID,2022-02-14 04:10:15,broken clouds
167,Nome,64.5011,-165.4064,-7.53,64,0,4.61,US,2022-02-14 04:10:15,clear sky
168,Roma,43.2128,-75.4557,12.96,79,0,4.61,US,2022-02-14 04:10:16,clear sky
169,Batagay,67.6333,134.6333,-15.97,86,75,2.46,RU,2022-02-14 04:10:16,broken clouds
170,Channel-Port Aux Basques,47.5702,-59.1367,18.7,71,100,8.23,CA,2022-02-14 04:10:17,light snow
171,Vila,42.0304,-8.1588,42.93,94,92,4.09,PT,2022-02-14 04:10:17,overcast clouds
172,Chapais,49.7834,-74.8492,-23.82,100,91,1.88,CA,2022-02-14 04:09:58,overcast clouds
173,Barrow,71.2906,-156.7887,-29.18,68,0,8.05,US,2022-02-14 04:10:18,clear sky
174,Kiruna,67.8557,20.2251,-0.2,88,4,6.15,SE,2022-02-14 04:10:18,clear sky
175,Rio Grande,-32.035,-52.0986,60.91,56,0,10.02,BR,2022-02-14 04:08:54,clear sky
176,Punta De Bombon,-17.1717,-71.7931,70.05,83,70,5.37,PE,2022-02-14 04:10:19,broken clouds
177,Asau,46.4333,26.4,26.96,82,97,3.78,RO,2022-02-14 04:10:19,overcast clouds
178,San Jeronimo,-11.9472,-75.2829,49.03,88,100,3.27,PE,2022-02-14 04:10:20,overcast clouds
179,Ipixuna,-1.7625,-48.8043,76.95,97,99,2.73,BR,2022-02-14 04:10:20,overcast clouds
180,Kununurra,-15.7667,128.7333,80.58,78,66,0.0,AU,2022-02-14 04:10:21,broken clouds
181,Sao Miguel Dos Campos,-9.7811,-36.0936,76.5,78,100,6.73,BR,2022-02-14 04:10:21,overcast clouds
182,Cap Malheureux,-19.9842,57.6142,83.46,77,100,7.0,MU,2022-02-14 04:10:22,overcast clouds
183,Staryy Nadym,65.6118,72.6842,-18.27,100,94,8.19,RU,2022-02-14 04:11:22,overcast clouds
184,Along,28.1667,94.7667,65.79,27,0,0.67,IN,2022-02-14 04:11:22,clear sky
185,Natal,-5.795,-35.2094,79.45,89,40,5.75,BR,2022-02-14 04:11:23,scattered clouds
186,Sagarejo,41.734,45.3315,32.43,92,100,4.52,GE,2022-02-14 04:11:23,light snow
187,Eseka,3.65,10.7667,74.66,89,91,1.95,CM,2022-02-14 04:11:24,overcast clouds
188,Lokosovo,61.1333,74.8167,0.86,96,100,6.98,RU,2022-02-14 04:11:24,overcast clouds
189,Concepcion,-36.827,-73.0498,60.6,77,100,5.75,CL,2022-02-14 04:07:00,overcast clouds
190,Abong Mbang,3.9833,13.1833,63.5,48,100,2.71,CM,2022-02-14 04:11:25,overcast clouds
191,Namli,23.4333,75.05,68.68,28,0,9.75,IN,2022-02-14 04:11:25,clear sky
192,Vao,-22.6667,167.4833,80.35,81,99,14.54,NC,2022-02-14 04:11:26,overcast clouds
193,Port-Gentil,-0.7193,8.7815,80.64,77,100,7.2,GA,2022-02-14 04:11:27,overcast clouds
194,Lebu,-37.6167,-73.65,56.17,93,97,6.15,CL,2022-02-14 04:11:27,overcast clouds
195,Adrar,20.5022,-10.0711,58.77,26,98,10.76,MR,2022-02-14 04:11:27,overcast clouds
196,Esperance,-33.8667,121.9,73.42,57,68,13.27,AU,2022-02-14 04:11:08,broken clouds
197,Jumla,29.2747,82.1838,47.55,37,0,0.11,NP,2022-02-14 04:11:28,clear sky
198,Nanortalik,60.1432,-45.2371,18.79,86,100,28.97,GL,2022-02-14 04:11:28,snow
199,Itaberai,-16.0203,-49.8103,65.71,97,14,3.47,BR,2022-02-14 04:11:29,few clouds
200,Port Elizabeth,-33.918,25.5701,66.49,100,75,4.61,ZA,2022-02-14 04:07:56,light rain
201,Vernon,50.2581,-119.2691,38.3,73,100,1.16,CA,2022-02-14 04:11:29,overcast clouds
202,Mount Isa,-20.7333,139.5,91.17,29,40,10.36,AU,2022-02-14 04:11:30,scattered clouds
203,Sham Churasi,31.4997,75.7494,57.31,60,36,2.62,IN,2022-02-14 04:11:30,scattered clouds
204,Beian,63.6559,9.5683,32.09,80,0,3.44,NO,2022-02-14 04:11:31,clear sky
205,Miri,4.4148,114.0089,85.62,69,84,3.33,MY,2022-02-14 04:11:31,broken clouds
206,Tommot,58.9564,126.2925,-6.97,92,99,1.1,RU,2022-02-14 04:11:32,overcast clouds
207,Leningradskiy,69.3833,178.4167,-17.97,90,79,6.2,RU,2022-02-14 04:11:32,broken clouds
208,Teresopolis,-22.4122,-42.9656,66.74,97,6,2.91,BR,2022-02-14 04:11:33,clear sky
209,Medicine Hat,50.0501,-110.6683,35.22,61,100,1.99,CA,2022-02-14 04:11:33,overcast clouds
210,Poronaysk,49.2167,143.1167,18.93,76,33,9.48,RU,2022-02-14 04:11:34,scattered clouds
211,Laguna,38.421,-121.4238,65.25,68,0,3.44,US,2022-02-14 04:11:34,clear sky
212,Imbituba,-28.24,-48.6703,71.49,93,47,2.62,BR,2022-02-14 04:11:35,scattered clouds
213,Pierre,44.3683,-100.351,40.12,53,0,13.8,US,2022-02-14 04:07:13,clear sky
214,Camana,-16.6228,-72.7111,70.47,86,25,6.98,PE,2022-02-14 04:11:35,scattered clouds
215,Makakilo City,21.3469,-158.0858,75.56,54,0,12.66,US,2022-02-14 04:11:36,clear sky
216,Manjacaze,-24.7117,33.8828,71.78,95,6,1.05,MZ,2022-02-14 04:11:36,clear sky
217,Rosarito,32.3333,-117.0333,72.52,34,0,5.19,MX,2022-02-14 04:11:36,clear sky
218,Kalcheva,45.7374,28.8141,29.46,88,79,5.5,UA,2022-02-14 04:11:37,broken clouds
219,Arraial Do Cabo,-22.9661,-42.0278,75.07,93,9,15.28,BR,2022-02-14 04:11:13,clear sky
220,Sabang,5.8933,95.3214,82.54,72,67,11.65,ID,2022-02-14 04:11:37,broken clouds
221,Otawara,36.8667,140.0333,43.48,46,99,2.68,JP,2022-02-14 04:11:38,overcast clouds
222,Upernavik,72.7868,-56.1549,3.83,92,100,29.15,GL,2022-02-14 04:08:40,light snow
223,La Ronge,55.1001,-105.2842,-12.32,94,17,4.47,CA,2022-02-14 04:08:39,few clouds
224,Kropotkin,45.4375,40.5756,31.77,68,20,11.54,RU,2022-02-14 04:11:39,few clouds
225,Hanyang,32.1371,105.5126,45.73,67,100,1.54,CN,2022-02-14 04:11:39,overcast clouds
226,Ostrovnoy,68.0531,39.5131,20.77,85,100,26.62,RU,2022-02-14 04:11:39,overcast clouds
227,Codrington,-38.2667,141.9667,71.42,60,19,11.79,AU,2022-02-14 04:11:40,few clouds
228,Peterhead,57.5058,-1.7981,41.56,88,100,14.14,GB,2022-02-14 04:12:40,overcast clouds
229,Arlit,18.7369,7.3853,63.43,13,0,4.88,NE,2022-02-14 04:12:41,clear sky
230,Yulara,-25.2406,130.9889,96.64,8,4,12.66,AU,2022-02-14 04:12:41,clear sky
231,Boende,-0.2167,20.8667,71.67,90,100,1.25,CD,2022-02-14 04:12:42,overcast clouds
232,Matay,28.419,30.7792,49.66,81,4,12.8,EG,2022-02-14 04:12:42,clear sky
233,Henties Bay,-22.116,14.2845,71.85,89,82,8.25,NA,2022-02-14 04:12:43,broken clouds
234,Tezu,27.9167,96.1667,71.13,21,0,3.69,IN,2022-02-14 04:12:43,clear sky
235,Puerto Del Rosario,28.5004,-13.8627,60.55,82,5,8.25,ES,2022-02-14 04:12:43,clear sky
236,Guaira,-20.3183,-48.3106,68.68,94,9,3.78,BR,2022-02-14 04:12:44,clear sky
237,San Patricio,28.017,-97.5169,55.24,46,96,7.43,US,2022-02-14 04:09:49,overcast clouds
238,Tibati,6.4667,12.6333,64.99,22,100,4.03,CM,2022-02-14 04:12:45,overcast clouds
239,Saskylakh,71.9167,114.0833,-15.03,95,21,4.0,RU,2022-02-14 04:12:45,few clouds
240,Kahului,20.8947,-156.47,75.22,71,0,11.5,US,2022-02-14 04:12:45,clear sky
241,Coos Bay,43.3665,-124.2179,51.85,95,100,8.05,US,2022-02-14 04:12:46,overcast clouds
242,Longyearbyen,78.2186,15.6401,15.64,92,75,2.3,SJ,2022-02-14 04:12:46,light snow
243,Fuxin,42.0156,121.6589,13.42,64,96,14.38,CN,2022-02-14 04:12:47,overcast clouds
244,Agadir,30.4202,-9.5982,52.25,68,0,5.64,MA,2022-02-14 04:12:47,clear sky
245,Rio Gallegos,-51.6226,-69.2181,41.05,87,0,8.05,AR,2022-02-14 04:10:28,clear sky
246,Camopi,3.1655,-52.3158,72.1,100,100,1.59,GF,2022-02-14 04:12:48,overcast clouds
247,Sola,-13.8833,167.55,82.65,76,82,16.13,VU,2022-02-14 04:12:49,broken clouds
248,La Palma,33.8464,-118.0467,75.11,30,0,5.75,US,2022-02-14 04:12:49,clear sky
249,Turkan,40.3639,50.215,39.38,75,75,4.61,AZ,2022-02-14 04:12:49,broken clouds
250,Coari,-4.085,-63.1414,73.24,98,100,1.57,BR,2022-02-14 04:12:50,overcast clouds
251,Mazatlan,23.2167,-106.4167,73.9,61,75,1.01,MX,2022-02-14 04:12:50,broken clouds
252,Grand-Lahou,5.1367,-5.0242,78.26,86,55,6.69,CI,2022-02-14 04:12:51,broken clouds
253,Burns Lake,54.2331,-125.7533,32.58,99,100,2.77,CA,2022-02-14 04:12:51,snow
254,Aberdeen,57.1437,-2.0981,41.76,99,75,11.5,GB,2022-02-14 04:12:52,broken clouds
255,Port Augusta,-32.5,137.7667,104.7,19,93,6.08,AU,2022-02-14 04:12:52,overcast clouds
256,Nainpur,22.4333,80.1167,70.3,19,11,3.13,IN,2022-02-14 04:09:08,few clouds
257,Shorkot,31.9099,70.8774,62.17,34,96,2.04,PK,2022-02-14 04:12:53,overcast clouds
258,Hofn,64.2539,-15.2082,22.69,67,54,8.34,IS,2022-02-14 04:12:53,broken clouds
259,Saint-Philippe,-21.3585,55.7679,80.19,80,31,11.05,RE,2022-02-14 04:12:53,scattered clouds
260,Fairbanks,64.8378,-147.7164,7.61,77,100,4.61,US,2022-02-14 04:12:54,light snow
261,Hamilton,39.1834,-84.5333,19.24,79,0,9.22,US,2022-02-14 04:08:44,clear sky
262,Beringovskiy,63.05,179.3167,-22.54,96,37,9.66,RU,2022-02-14 04:12:54,scattered clouds
263,Lorengau,-2.0226,147.2712,84.02,72,71,2.98,PG,2022-02-14 04:12:55,broken clouds
264,Avera,33.194,-82.5271,44.47,38,0,13.82,US,2022-02-14 04:12:55,clear sky
265,Cabo San Lucas,22.8909,-109.9124,69.62,55,71,6.6,MX,2022-02-14 04:12:56,broken clouds
266,Lakes Entrance,-37.8811,147.981,93.58,58,9,10.16,AU,2022-02-14 04:12:56,clear sky
267,Zhangjiakou,40.81,114.8794,7.41,55,11,7.4,CN,2022-02-14 04:12:57,light snow
268,Pevek,69.7008,170.3133,-16.67,98,100,8.01,RU,2022-02-14 04:12:57,overcast clouds
269,Halifax,44.6453,-63.5724,22.48,90,100,5.01,CA,2022-02-14 04:12:54,overcast clouds
270,Berbera,10.4396,45.0143,73.17,70,43,6.71,SO,2022-02-14 04:12:58,scattered clouds
271,Mount Gambier,-37.8333,140.7667,75.81,50,13,10.36,AU,2022-02-14 04:12:58,few clouds
272,Ambilobe,-13.2,49.05,74.71,90,17,2.13,MG,2022-02-14 04:12:59,few clouds
273,Sao Felix Do Xingu,-6.6447,-51.995,70.05,90,100,1.25,BR,2022-02-14 04:12:59,overcast clouds
274,Mehamn,71.0357,27.8492,17.55,86,75,16.11,NO,2022-02-14 04:14:00,light snow
275,Tabuk,17.4189,121.4443,81.28,74,61,3.36,PH,2022-02-14 04:14:01,broken clouds
276,Bekhtery,46.251,32.2927,31.03,70,25,8.46,UA,2022-02-14 04:14:01,scattered clouds
277,Ust-Maya,60.4167,134.5333,-13.85,90,98,2.15,RU,2022-02-14 04:14:02,overcast clouds
278,Kodiak,57.79,-152.4072,31.51,80,0,6.91,US,2022-02-14 04:14:02,clear sky
279,Axim,4.8699,-2.2405,78.22,86,100,4.38,GH,2022-02-14 04:14:03,overcast clouds
280,Victoria,22.2855,114.1577,69.04,68,29,5.99,HK,2022-02-14 04:14:03,scattered clouds
281,Borzoy,42.8415,45.6275,16.03,77,29,4.74,RU,2022-02-14 04:14:04,scattered clouds
282,Gerash,27.6652,54.1371,52.36,49,16,3.89,IR,2022-02-14 04:14:04,few clouds
283,Viedma,-40.8135,-62.9967,77.76,18,0,11.88,AR,2022-02-14 04:14:05,clear sky
284,Kalulushi,-12.8378,28.0919,58.06,95,99,2.84,ZM,2022-02-14 04:14:05,overcast clouds
285,Lazaro Cardenas,17.9583,-102.2,75.58,72,90,4.52,MX,2022-02-14 04:11:19,overcast clouds
286,Tura,25.5198,90.2201,70.39,41,0,0.65,IN,2022-02-14 04:14:06,clear sky
287,Boa Vista,2.8197,-60.6733,80.58,69,0,12.66,BR,2022-02-14 04:14:06,clear sky
288,Cascais,38.6979,-9.4215,53.51,71,0,20.0,PT,2022-02-14 04:13:35,clear sky
289,Ikalamavony,-21.15,46.5833,68.04,83,4,5.21,MG,2022-02-14 04:14:07,clear sky
290,Dryden,49.7833,-92.7503,-5.51,77,75,3.44,CA,2022-02-14 04:14:07,haze
291,Coquimbo,-29.9533,-71.3436,64.13,77,0,4.61,CL,2022-02-14 04:14:08,clear sky
292,Noumea,-22.2763,166.4572,88.0,99,100,17.29,NC,2022-02-14 04:11:06,overcast clouds
293,Rockland,41.1668,-74.0496,26.49,63,51,1.01,US,2022-02-14 04:14:09,broken clouds
294,Lagoa,39.05,-27.9833,56.44,59,86,2.42,PT,2022-02-14 04:14:09,overcast clouds
295,Pozo Colorado,-23.4923,-58.7972,74.16,63,3,4.7,PY,2022-02-14 04:14:10,clear sky
296,Taltal,-25.4,-70.4833,67.51,79,3,1.63,CL,2022-02-14 04:14:10,clear sky
297,Mizan Teferi,6.9833,35.5833,68.41,53,93,1.97,ET,2022-02-14 04:14:10,overcast clouds
298,Sao Joao Da Barra,-21.6403,-41.0511,75.29,91,65,12.8,BR,2022-02-14 04:14:11,broken clouds
299,Port Saint John,28.477,-80.7887,60.94,80,0,14.0,US,2022-02-14 04:14:11,clear sky
300,Milas,37.3164,27.7839,42.15,93,40,4.61,TR,2022-02-14 04:14:12,scattered clouds
301,Hasaki,35.7333,140.8333,45.28,55,100,25.59,JP,2022-02-14 04:14:12,overcast clouds
302,Yumen,40.2833,97.2,31.57,32,28,15.59,CN,2022-02-14 04:14:13,scattered clouds
303,Maryville,35.7565,-83.9705,33.51,57,20,8.99,US,2022-02-14 04:10:29,few clouds
304,Huarmey,-10.0681,-78.1522,72.39,79,91,7.49,PE,2022-02-14 04:14:14,overcast clouds
305,Inhambane,-23.865,35.3833,75.9,79,0,7.54,MZ,2022-02-14 04:14:14,clear sky
306,Windhoek,-22.5594,17.0832,64.11,85,100,1.01,NA,2022-02-14 04:14:15,overcast clouds
307,Sao Jose Da Coroa Grande,-8.8978,-35.1478,79.11,76,41,8.48,BR,2022-02-14 04:14:15,scattered clouds
308,Kirakira,-10.4544,161.9205,81.45,80,100,4.14,SB,2022-02-14 04:14:16,overcast clouds
309,Plettenberg Bay,-34.0527,23.3716,66.92,91,100,13.87,ZA,2022-02-14 04:14:16,light rain
310,Aykhal,66.0,111.5,-0.17,62,25,0.58,RU,2022-02-14 04:14:16,scattered clouds
311,Batagay-Alyta,67.8006,130.4114,-5.96,76,54,3.8,RU,2022-02-14 04:12:15,broken clouds
312,Dabat,12.9842,37.765,53.64,54,39,6.42,ET,2022-02-14 04:14:17,scattered clouds
313,Vestmannaeyjar,63.4427,-20.2734,34.47,84,100,31.54,IS,2022-02-14 04:14:18,light snow
314,Pisco,-13.7,-76.2167,66.25,82,0,10.36,PE,2022-02-14 04:12:24,clear sky
315,San Andres,12.5847,-81.7006,80.62,74,20,13.8,CO,2022-02-14 04:15:19,few clouds
316,Vostok,46.4856,135.8833,17.65,88,100,3.87,RU,2022-02-14 04:15:19,light snow
317,Saint Marys,30.7305,-81.5465,51.91,44,0,13.8,US,2022-02-14 04:15:20,clear sky
318,Fiumicino,41.7675,12.2291,53.15,86,40,3.44,IT,2022-02-14 04:15:20,scattered clouds
319,Buta,2.7858,24.73,72.99,42,69,2.89,CD,2022-02-14 04:15:21,broken clouds
320,Kinango,-4.1372,39.3153,72.75,85,69,2.57,KE,2022-02-14 04:11:12,broken clouds
321,Kamenka,51.3223,42.7678,5.67,97,74,6.04,RU,2022-02-14 04:15:22,broken clouds
322,Zhongshu,24.5167,103.7667,55.8,57,47,7.0,CN,2022-02-14 04:15:22,scattered clouds
323,Minna,9.6139,6.5569,74.61,14,9,7.47,NG,2022-02-14 04:15:23,clear sky
324,Kalachinsk,55.0529,74.5751,-11.24,99,59,5.44,RU,2022-02-14 04:15:23,broken clouds
325,Kedrovyy,56.1667,91.8167,-8.14,84,45,4.56,RU,2022-02-14 04:12:10,scattered clouds
326,Hoquiam,46.9809,-123.8893,48.99,87,100,10.36,US,2022-02-14 04:15:24,overcast clouds
327,Puerto Madryn,-42.7692,-65.0385,70.45,57,12,27.72,AR,2022-02-14 04:15:24,few clouds
328,Conde,-7.2597,-34.9075,80.06,83,40,6.91,BR,2022-02-14 04:15:24,scattered clouds
329,Chokurdakh,70.6333,147.9167,-12.78,99,79,8.68,RU,2022-02-14 04:15:25,broken clouds
330,Husavik,66.0449,-17.3389,13.91,80,96,17.38,IS,2022-02-14 04:15:25,overcast clouds
331,Nur,52.6683,22.3221,31.78,66,5,10.42,PL,2022-02-14 04:15:26,clear sky
332,Chake Chake,-5.2459,39.7666,76.37,84,38,4.45,TZ,2022-02-14 04:15:26,scattered clouds
333,Dinguiraye,11.3,-10.7167,67.21,19,10,2.8,GN,2022-02-14 04:15:27,clear sky
334,Deputatskiy,69.3,139.9,-10.7,95,96,4.47,RU,2022-02-14 04:15:27,overcast clouds
335,Nizhniy Kuranakh,58.8353,125.4869,-7.28,93,100,1.68,RU,2022-02-14 04:15:28,overcast clouds
336,Mahajanga,-15.7167,46.3167,76.68,87,29,8.97,MG,2022-02-14 04:12:22,scattered clouds
337,Pangkalanbuun,-2.6833,111.6167,88.65,59,91,3.31,ID,2022-02-14 04:15:28,overcast clouds
338,Buraydah,26.326,43.975,39.65,34,0,3.0,SA,2022-02-14 04:15:29,clear sky
339,Ballina,-28.8667,153.5667,78.98,88,51,13.11,AU,2022-02-14 04:15:29,light rain
340,Bereda,43.2686,-7.5406,44.35,100,94,6.33,ES,2022-02-14 04:15:30,light rain
341,Katsuura,35.1333,140.3,49.1,64,99,22.39,JP,2022-02-14 04:15:30,moderate rain
342,Najran,17.4924,44.1277,48.85,49,20,1.14,SA,2022-02-14 04:15:31,few clouds
343,Hokitika,-42.7167,170.9667,63.77,60,0,8.57,NZ,2022-02-14 04:15:31,clear sky
344,Aksarka,66.5606,67.7975,-13.5,98,100,3.15,RU,2022-02-14 04:15:32,overcast clouds
345,Waris Aliganj,25.0167,85.6333,64.56,45,0,4.52,IN,2022-02-14 04:15:32,clear sky
346,Grevesmuhlen,53.8667,11.1833,44.35,77,100,18.45,DE,2022-02-14 04:15:32,overcast clouds
347,Svetlyy,54.675,20.1347,35.65,75,100,17.36,RU,2022-02-14 04:15:33,overcast clouds
348,Shitanjing,39.2342,106.3439,22.15,47,100,3.49,CN,2022-02-14 04:15:33,overcast clouds
349,Raudeberg,61.9875,5.1352,38.07,93,100,18.01,NO,2022-02-14 04:15:34,overcast clouds
350,Umea,63.8284,20.2597,24.73,93,0,5.75,SE,2022-02-14 04:15:34,clear sky
351,Uruburetama,-3.625,-39.5083,74.34,94,75,3.04,BR,2022-02-14 04:15:34,broken clouds
352,Touros,-5.1989,-35.4608,79.7,78,6,10.6,BR,2022-02-14 04:12:51,clear sky
353,Zyryanka,65.75,150.85,-17.54,90,11,5.46,RU,2022-02-14 04:15:35,few clouds
354,Porto Belo,-27.1578,-48.5531,73.63,87,69,3.6,BR,2022-02-14 04:15:35,broken clouds
355,Hollola,61.05,25.4333,33.03,97,100,8.57,FI,2022-02-14 04:15:36,overcast clouds
356,Katherine,-14.4667,132.2667,93.52,43,0,6.91,AU,2022-02-14 04:15:07,clear sky
357,Ulmeni,47.4667,23.3,29.64,83,45,3.83,RO,2022-02-14 04:15:36,scattered clouds
358,Huizen,52.2992,5.2417,54.0,69,100,21.41,NL,2022-02-14 04:15:37,overcast clouds
359,Waipawa,-41.4122,175.5153,61.45,71,100,12.57,NZ,2022-02-14 04:15:37,overcast clouds
360,Basco,20.4487,121.9702,73.94,82,100,30.11,PH,2022-02-14 04:15:38,overcast clouds
361,Sandy Bay,-42.913,147.3532,72.05,63,75,11.5,AU,2022-02-14 04:16:38,broken clouds
362,Puksoozero,62.5903,40.6066,25.97,96,100,8.88,RU,2022-02-14 04:16:39,light snow
363,Karibib,-21.9333,15.8333,67.37,87,100,9.73,NA,2022-02-14 04:16:39,light rain
364,Maceio,-9.6658,-35.7353,76.44,88,40,3.44,BR,2022-02-14 04:16:39,scattered clouds
365,Novoilinsk,51.6829,108.7143,-1.41,77,38,3.85,RU,2022-02-14 04:16:40,scattered clouds
366,Crestview,30.7621,-86.5705,45.68,63,0,3.44,US,2022-02-14 04:16:40,clear sky
367,Itarema,-2.9248,-39.9167,78.82,82,22,11.23,BR,2022-02-14 04:16:41,few clouds
368,Zinder,13.8072,8.9881,64.11,13,1,8.72,NE,2022-02-14 04:16:41,clear sky
369,Alofi,-19.0595,-169.9187,82.29,74,99,11.5,NU,2022-02-14 04:16:42,overcast clouds
370,Kingsport,36.5484,-82.5618,34.99,40,100,9.22,US,2022-02-14 04:16:42,overcast clouds
371,Ucluelet,48.9329,-125.5528,47.08,88,100,5.01,CA,2022-02-14 04:15:47,overcast clouds
372,Zyryanskoye,56.8306,86.6258,13.23,95,100,11.16,RU,2022-02-14 04:16:43,light snow
373,Hualmay,-11.0964,-77.6139,70.84,82,99,8.03,PE,2022-02-14 04:16:43,overcast clouds
374,Trinidad,-14.8333,-64.9,70.59,94,79,2.62,BO,2022-02-14 04:14:59,broken clouds
375,Ginda,30.6945,78.4932,40.17,20,1,4.0,IN,2022-02-14 04:16:44,clear sky
376,Nan,18.8333,100.6667,80.62,36,0,4.61,TH,2022-02-14 04:16:44,clear sky
377,Shaoyang,27.2315,111.4525,49.06,66,9,1.01,CN,2022-02-14 04:16:45,clear sky
378,Campos Belos,-13.0367,-46.7717,69.12,94,97,1.45,BR,2022-02-14 04:16:46,overcast clouds
379,Vardo,70.3705,31.1107,17.8,79,100,13.89,NO,2022-02-14 04:16:46,overcast clouds
380,Agdam,39.991,46.9274,34.11,95,100,5.53,AZ,2022-02-14 04:16:47,overcast clouds
381,Iranshahr,27.2025,60.6848,57.54,62,14,0.0,IR,2022-02-14 04:16:47,few clouds
382,Sakakah,29.9697,40.2064,40.57,32,13,4.74,SA,2022-02-14 04:16:48,few clouds
383,Labuhan,-6.8844,112.2051,79.18,84,95,4.52,ID,2022-02-14 04:16:48,moderate rain
384,Ekhabi,53.5102,142.9671,-2.31,91,15,14.5,RU,2022-02-14 04:16:49,few clouds
385,Kichera,55.9375,110.0997,-2.85,75,7,4.27,RU,2022-02-14 04:16:49,clear sky
386,Whitecourt,54.1502,-115.6855,31.24,64,75,9.22,CA,2022-02-14 04:15:47,broken clouds
387,Valparaiso,-33.0393,-71.6273,66.47,79,0,4.61,CL,2022-02-14 04:16:50,clear sky
388,Naron,43.5167,-8.1528,51.03,82,68,18.88,ES,2022-02-14 04:16:50,light rain
389,Azua,18.4532,-70.7349,69.06,68,4,4.45,DO,2022-02-14 04:16:51,clear sky
390,Ulety,51.3572,112.4849,-5.26,82,75,0.76,RU,2022-02-14 04:16:51,broken clouds
391,Sioux Lookout,50.1001,-91.917,-7.22,84,40,2.3,CA,2022-02-14 04:16:52,scattered clouds
392,Palu,-0.8917,119.8707,80.96,81,100,0.45,ID,2022-02-14 04:16:52,overcast clouds
393,Klamath Falls,42.2249,-121.7817,52.86,50,0,5.75,US,2022-02-14 04:15:34,clear sky
394,Marsh Harbour,26.5412,-77.0636,73.09,76,100,21.27,BS,2022-02-14 04:16:53,overcast clouds
395,Karratha,-20.7377,116.8463,99.1,34,68,8.88,AU,2022-02-14 04:16:54,broken clouds
396,Faya,18.3851,42.4509,44.71,61,9,2.75,SA,2022-02-14 04:16:54,clear sky
397,Charters Towers,-20.1,146.2667,88.29,34,12,12.66,AU,2022-02-14 04:16:55,few clouds
398,Juneau,58.3019,-134.4197,33.84,94,100,0.0,US,2022-02-14 04:16:55,fog
399,Kavieng,-2.5744,150.7967,83.68,73,92,5.79,PG,2022-02-14 04:16:56,light rain
400,Lumeje,-11.55,20.7833,63.81,93,99,4.05,AO,2022-02-14 04:16:56,light rain
401,Bobo Dioulasso,11.1771,-4.2979,69.58,15,3,6.33,BF,2022-02-14 04:16:57,clear sky
402,Uni,57.7535,51.4923,-4.4,100,76,3.06,RU,2022-02-14 04:16:57,broken clouds
403,Beidao,34.5686,105.8933,36.75,81,100,4.68,CN,2022-02-14 04:16:57,overcast clouds
404,Puerto Maldonado,-12.6,-69.1833,69.48,94,84,0.83,PE,2022-02-14 04:16:58,broken clouds
405,Lodja,-3.4833,23.4333,69.13,91,100,2.42,CD,2022-02-14 04:16:58,overcast clouds
406,Port Hedland,-20.3167,118.5667,100.45,34,13,10.36,AU,2022-02-14 04:16:59,few clouds
407,Talnakh,69.4865,88.3972,-7.37,70,10,8.66,RU,2022-02-14 04:16:59,clear sky
408,Poole,50.7167,-2.0,45.05,92,100,7.0,GB,2022-02-14 04:17:00,overcast clouds
409,Mildura,-34.2,142.15,101.07,15,2,8.05,AU,2022-02-14 04:18:00,clear sky
410,Meulaboh,4.1363,96.1285,84.34,67,96,2.46,ID,2022-02-14 04:18:01,overcast clouds
411,Zabol,32.25,67.25,42.19,46,95,3.24,AF,2022-02-14 04:18:01,overcast clouds
412,Mtinko,-4.55,34.85,61.72,90,100,2.59,TZ,2022-02-14 04:18:02,light rain
413,Baykit,61.67,96.37,-6.9,94,47,2.95,RU,2022-02-14 04:18:02,scattered clouds
414,Havoysund,70.9963,24.6622,27.48,81,100,20.71,NO,2022-02-14 04:13:39,light snow
415,Batemans Bay,-35.7167,150.1833,92.19,45,100,12.55,AU,2022-02-14 04:18:03,overcast clouds
416,Masuda,34.6667,131.85,50.27,57,20,5.75,JP,2022-02-14 04:18:04,few clouds
417,Nelson Bay,-32.7167,152.15,83.28,56,70,4.0,AU,2022-02-14 04:18:04,broken clouds
418,Naze,28.3667,129.4833,56.32,76,100,18.75,JP,2022-02-14 04:18:04,overcast clouds
419,Rocha,-34.4833,-54.3333,58.17,62,25,8.28,UY,2022-02-14 04:18:05,scattered clouds
420,Iskateley,67.6803,53.1512,-2.38,99,42,9.62,RU,2022-02-14 04:18:05,scattered clouds
421,Port Hardy,50.6996,-127.4199,48.76,79,100,9.42,CA,2022-02-14 04:13:33,overcast clouds
422,Semiluki,51.6853,39.0279,21.65,79,75,4.47,RU,2022-02-14 04:18:06,broken clouds
423,Egvekinot,66.3167,-179.1667,-18.9,90,12,7.63,RU,2022-02-14 04:17:35,few clouds
424,Grafenhainichen,51.7333,12.45,41.41,60,83,12.33,DE,2022-02-14 04:18:06,broken clouds
425,Rock Sound,24.9,-76.2,76.37,80,93,13.78,BS,2022-02-14 04:18:07,overcast clouds
426,Monroe,43.1501,-77.6831,13.96,83,75,4.61,US,2022-02-14 04:16:26,broken clouds
427,Mandi Bahauddin,32.5834,73.4843,58.42,54,100,0.74,PK,2022-02-14 04:18:08,overcast clouds
428,Chuy,-33.6971,-53.4616,58.28,64,5,9.42,UY,2022-02-14 04:14:51,clear sky
429,Dhamtari,20.7072,81.5497,69.6,18,2,5.68,IN,2022-02-14 04:18:08,clear sky
430,Chernyshevskiy,63.0128,112.4714,-6.47,96,100,1.52,RU,2022-02-14 04:18:09,overcast clouds
431,Fairlie,55.756,-4.8556,42.42,90,100,6.4,GB,2022-02-14 04:18:09,light rain
432,Dalhousie,32.5333,75.9833,45.16,40,100,0.34,IN,2022-02-14 04:15:47,overcast clouds
433,Kazanskoye,55.6448,69.235,-3.98,100,100,3.42,RU,2022-02-14 04:18:10,overcast clouds
434,Nioro,13.35,-15.75,70.16,19,32,6.17,GM,2022-02-14 04:18:11,scattered clouds
435,Gizo,-8.103,156.8419,83.77,71,70,7.45,SB,2022-02-14 04:18:11,light rain
436,Mayo,38.8876,-76.5119,31.12,66,0,9.22,US,2022-02-14 04:18:12,clear sky
437,La Victoria,10.2184,-67.3302,72.64,86,42,3.58,VE,2022-02-14 04:14:22,scattered clouds
438,Northam,51.0333,-4.2167,44.62,83,50,17.13,GB,2022-02-14 04:18:13,scattered clouds
439,Ossora,59.2353,163.0719,-0.45,82,83,6.69,RU,2022-02-14 04:18:13,broken clouds
440,Lulea,65.5842,22.1547,3.27,92,15,1.14,SE,2022-02-14 04:18:14,few clouds
441,Langsa,4.4683,97.9683,89.37,54,47,3.8,ID,2022-02-14 04:18:14,scattered clouds
442,Ngunguru,-35.6167,174.5,77.16,54,63,5.7,NZ,2022-02-14 04:18:15,broken clouds
443,Saint-Louis,16.3333,-15.0,68.31,19,98,9.57,SN,2022-02-14 04:18:15,overcast clouds
444,Chester,40.1254,-75.8749,26.22,72,0,6.91,US,2022-02-14 04:17:22,clear sky
445,Crossville,35.949,-85.0269,29.32,67,0,4.61,US,2022-02-14 04:18:16,clear sky
446,Bosaso,11.2842,49.1816,73.56,71,38,2.89,SO,2022-02-14 04:18:16,scattered clouds
447,Zhigansk,66.7697,123.3711,-26.21,96,74,1.45,RU,2022-02-14 04:18:17,broken clouds
448,Port Moresby,-9.4431,147.1797,84.16,69,22,11.9,PG,2022-02-14 04:18:18,few clouds
449,Chany,55.3121,76.7647,-5.76,98,41,7.27,RU,2022-02-14 04:18:18,scattered clouds
450,Sakaiminato,35.55,133.2333,49.98,53,75,19.57,JP,2022-02-14 04:18:19,broken clouds
451,El Fuerte,26.4189,-108.6194,69.35,34,97,1.9,MX,2022-02-14 04:18:19,overcast clouds
452,Tynda,55.1667,124.7167,0.0,69,89,2.75,RU,2022-02-14 04:18:20,overcast clouds
453,Havre-Saint-Pierre,50.2334,-63.5986,-0.4,70,0,11.5,CA,2022-02-14 04:18:21,clear sky
454,Grand Gaube,-20.0064,57.6608,83.37,77,100,7.0,MU,2022-02-14 04:15:38,overcast clouds
455,Lazdijai,54.2333,23.5167,30.67,76,92,12.55,LT,2022-02-14 04:19:21,overcast clouds
456,Clyde River,70.4692,-68.5914,-12.77,77,100,28.77,CA,2022-02-14 04:19:22,light snow
457,Richards Bay,-28.783,32.0377,75.9,89,100,13.53,ZA,2022-02-14 04:18:14,light rain
458,Dehloran,32.6941,47.2679,56.89,37,0,2.35,IR,2022-02-14 04:19:23,clear sky
459,Cayenne,4.9333,-52.3333,77.09,90,100,5.99,GF,2022-02-14 04:15:15,overcast clouds
460,Tautira,-17.7333,-149.15,80.62,78,79,16.51,PF,2022-02-14 04:19:24,light rain
461,Wuchang,44.9143,127.15,10.11,77,100,6.51,CN,2022-02-14 04:19:24,overcast clouds
462,Princeville,45.7668,-61.2985,21.51,92,100,8.05,CA,2022-02-14 04:19:24,light snow
463,Balaipungut,1.05,101.2833,84.61,59,62,0.47,ID,2022-02-14 04:19:25,broken clouds
464,La Florida,1.2985,-77.4061,55.42,97,100,1.39,CO,2022-02-14 04:19:25,light rain
465,Jian,27.1172,114.9793,51.3,65,48,4.25,CN,2022-02-14 04:19:26,scattered clouds
466,Bolu,40.6667,31.5833,33.13,95,99,2.95,TR,2022-02-14 04:19:26,overcast clouds
467,Aknada,42.4016,46.1723,14.61,89,52,6.33,RU,2022-02-14 04:19:26,broken clouds
468,Vanavara,60.34,102.2797,-8.32,89,38,5.93,RU,2022-02-14 04:19:27,scattered clouds
469,Yuanping,38.7153,112.7575,23.77,40,94,5.79,CN,2022-02-14 04:19:27,overcast clouds
470,Takhli,15.2634,100.3438,85.3,58,56,10.94,TH,2022-02-14 04:19:28,broken clouds
471,Kabanjahe,3.1001,98.4908,74.16,67,95,1.95,ID,2022-02-14 04:19:28,overcast clouds
472,Drakino,51.139,39.4021,8.73,94,50,6.42,RU,2022-02-14 04:19:29,scattered clouds
473,Andenes,69.3143,16.1194,30.18,86,100,3.44,NO,2022-02-14 04:19:29,light shower snow
474,Vikhorevka,56.1201,101.1636,-7.76,94,100,3.36,RU,2022-02-14 04:19:30,overcast clouds
475,Kenai,60.5544,-151.2583,26.69,100,100,0.0,US,2022-02-14 04:15:16,fog
476,Severobaykalsk,55.65,109.3167,-3.93,76,14,2.55,RU,2022-02-14 04:19:30,few clouds
477,Dong Xoai,11.5333,106.9167,94.37,42,61,2.3,VN,2022-02-14 04:14:57,broken clouds
478,Petatlan,17.5167,-101.2667,74.23,64,82,3.11,MX,2022-02-14 04:19:31,broken clouds
479,Punta Gorda,26.9298,-82.0454,60.82,81,0,5.75,US,2022-02-14 04:19:31,clear sky
480,Tieling,42.2931,123.8414,15.37,67,100,15.41,CN,2022-02-14 04:19:32,overcast clouds
481,Rozmital Pod Tremsinem,49.602,13.8643,29.17,100,4,3.53,CZ,2022-02-14 04:19:32,clear sky
482,Santa Lucia,27.9117,-15.5407,54.72,67,20,10.36,ES,2022-02-14 04:19:33,few clouds
483,Sompeta,18.9333,84.6,73.29,44,19,5.61,IN,2022-02-14 04:19:33,few clouds
484,Lethem,3.3803,-59.7968,77.0,76,34,12.55,GY,2022-02-14 04:19:34,scattered clouds
485,Wenling,28.3669,121.36,57.9,65,10,11.95,CN,2022-02-14 04:19:34,clear sky
486,Santa Rosa,14.3122,121.1114,87.78,66,36,7.96,PH,2022-02-14 04:19:35,scattered clouds
487,Mabaruma,8.2,-59.7833,70.11,96,99,2.48,GY,2022-02-14 04:19:35,overcast clouds
488,Khash,28.2211,61.2158,46.74,66,84,11.03,IR,2022-02-14 04:19:36,broken clouds
489,Lamlash,55.5336,-5.1296,42.49,85,100,5.37,GB,2022-02-14 04:19:36,moderate rain
490,Seminole,28.7086,-81.2081,59.36,76,0,13.8,US,2022-02-14 04:19:36,clear sky
491,Lingao,19.9103,109.6859,62.33,86,100,9.35,CN,2022-02-14 04:19:37,overcast clouds
492,Pailitas,8.9565,-73.6255,77.22,73,21,2.1,CO,2022-02-14 04:19:38,few clouds
493,Cusset,46.13,3.4596,51.35,81,100,12.68,FR,2022-02-14 04:19:38,overcast clouds
494,Saint-Augustin,51.226,-58.6502,-24.97,93,43,6.15,CA,2022-02-14 04:19:39,scattered clouds
495,Gat,31.61,34.7642,52.48,100,99,4.92,IL,2022-02-14 04:18:03,overcast clouds
496,Ust-Nera,64.5667,143.2,-19.37,96,48,1.23,RU,2022-02-14 04:19:39,scattered clouds
497,Kudahuvadhoo,2.6708,72.8944,81.45,76,73,8.39,MV,2022-02-14 04:19:40,broken clouds
498,Sabha,27.0377,14.4283,48.4,41,0,11.56,LY,2022-02-14 04:19:40,clear sky
499,Coihaique,-45.5752,-72.0662,56.01,67,91,2.3,CL,2022-02-14 04:19:41,overcast clouds
500,Ponta Delgada,37.7333,-25.6667,57.51,67,75,6.91,PT,2022-02-14 04:20:41,broken clouds
501,Merauke,-8.4667,140.3333,85.12,66,73,11.48,ID,2022-02-14 04:20:41,broken clouds
502,Shahrud,36.4182,54.9763,32.5,74,9,7.38,IR,2022-02-14 04:20:42,clear sky
503,College,64.8569,-147.8028,7.59,80,75,4.61,US,2022-02-14 04:19:48,mist
504,Dunedin,-45.8742,170.5036,61.81,61,86,11.01,NZ,2022-02-14 04:20:42,overcast clouds
505,Nhulunbuy,-12.2333,136.7667,90.21,55,75,16.11,AU,2022-02-14 04:20:43,broken clouds
506,Westport,41.1415,-73.3579,27.32,61,100,12.66,US,2022-02-14 04:20:07,overcast clouds
507,Jieshi,22.8134,115.8257,64.94,67,84,9.82,CN,2022-02-14 04:20:44,broken clouds
508,Musoma,-1.5,33.8,68.4,77,88,5.95,TZ,2022-02-14 04:20:44,overcast clouds
509,Puerto Escondido,15.85,-97.0667,81.43,57,40,10.36,MX,2022-02-14 04:18:34,scattered clouds
510,Arkhangelsk,64.5401,40.5433,17.71,85,100,8.95,RU,2022-02-14 04:20:45,light shower snow
511,Zheleznodorozhnyy,55.7503,38.0042,27.12,87,100,11.03,RU,2022-02-14 04:20:45,light snow
512,Mantua,45.1667,10.7833,38.71,78,66,1.99,IT,2022-02-14 04:20:46,broken clouds
513,Heihe,50.2441,127.4902,5.58,88,100,6.46,CN,2022-02-14 04:20:46,overcast clouds
514,Atasu,48.6814,71.6433,25.21,96,100,17.38,KZ,2022-02-14 04:20:47,light snow
515,Oktyabrskiy,54.4815,53.471,-0.83,100,100,2.75,RU,2022-02-14 04:20:47,overcast clouds
516,Mocuba,-16.8392,36.9856,72.39,98,100,2.28,MZ,2022-02-14 04:20:47,overcast clouds
517,Otake,34.2,132.2167,51.28,46,75,4.61,JP,2022-02-14 04:20:48,broken clouds
518,Ancud,-41.8697,-73.8203,57.42,95,20,1.83,CL,2022-02-14 04:20:48,few clouds
519,Bubaque,11.2833,-15.8333,77.95,59,0,4.09,GW,2022-02-14 04:20:49,clear sky
520,Shellbrook,53.2168,-106.4011,-2.97,100,31,4.14,CA,2022-02-14 04:20:49,scattered clouds
521,Chardara,41.2547,67.9692,42.75,56,100,17.85,KZ,2022-02-14 04:20:50,overcast clouds
522,Bilma,18.6853,12.9164,61.52,16,0,6.82,NE,2022-02-14 04:20:50,clear sky
523,Muyezerskiy,63.9333,31.65,32.5,96,100,14.0,RU,2022-02-14 04:20:15,overcast clouds
524,Banes,20.9625,-75.7186,74.01,81,0,2.42,CU,2022-02-14 04:20:51,clear sky
525,Jaque,7.5175,-78.1703,77.58,86,100,3.33,PA,2022-02-14 04:20:51,overcast clouds
526,North Bend,43.4065,-124.2243,48.92,95,100,8.05,US,2022-02-14 04:20:52,overcast clouds
527,Kruisfontein,-34.0033,24.7314,64.63,86,100,13.22,ZA,2022-02-14 04:20:52,light rain
528,San Juan,-31.5375,-68.5364,75.74,39,6,1.92,AR,2022-02-14 04:17:58,clear sky
529,Mugur-Aksy,50.35,90.5,3.76,73,72,3.36,RU,2022-02-14 04:20:53,broken clouds
530,Bac Lieu,9.285,105.7244,86.76,60,46,20.2,VN,2022-02-14 04:19:07,scattered clouds
531,Concepcion Del Uruguay,-32.4825,-58.2372,61.99,74,0,5.46,AR,2022-02-14 04:20:53,clear sky
532,Vila Velha,-20.3297,-40.2925,75.15,95,20,4.61,BR,2022-02-14 04:19:21,few clouds
533,Eenhana,-17.4667,16.3333,67.75,92,99,3.11,NA,2022-02-14 04:20:54,light rain
534,Poya,-21.35,165.15,86.02,70,100,8.34,NC,2022-02-14 04:20:55,overcast clouds
535,Rampura,30.25,75.2333,59.9,56,0,4.43,IN,2022-02-14 04:20:55,clear sky
536,Stornoway,58.2093,-6.3865,42.76,85,40,18.41,GB,2022-02-14 04:20:55,scattered clouds
537,Necochea,-38.5473,-58.7368,57.47,55,0,8.01,AR,2022-02-14 04:20:56,clear sky
538,Tiznit,29.5833,-9.5,51.51,50,0,2.8,MA,2022-02-14 04:20:56,clear sky
539,Gilgit,35.9221,74.3087,34.56,80,100,2.15,PK,2022-02-14 04:20:57,overcast clouds
540,Murgab,37.4966,61.9714,42.67,70,0,13.8,TM,2022-02-14 04:20:57,clear sky
541,Fujin,47.26,132.0322,7.21,88,90,3.56,CN,2022-02-14 04:20:58,overcast clouds
542,Halle,51.5,12.0,43.2,60,0,16.11,DE,2022-02-14 04:20:58,clear sky
543,Ambon,-3.6954,128.1814,86.14,70,40,3.44,ID,2022-02-14 04:20:59,scattered clouds
544,Meadville,41.6414,-80.1515,16.18,86,100,0.0,US,2022-02-14 04:20:59,mist
545,Le Port,-20.9373,55.2919,82.4,74,13,2.3,RE,2022-02-14 04:21:00,few clouds
546,Codajas,-3.8367,-62.0569,72.99,99,100,2.04,BR,2022-02-14 04:21:00,light rain
547,Bilibino,68.0546,166.4372,-25.65,99,77,2.26,RU,2022-02-14 04:22:01,broken clouds
548,Qiyang,26.5911,111.8474,49.64,68,5,3.02,CN,2022-02-14 04:22:01,clear sky
549,Synya,65.3718,58.0387,3.96,97,73,6.42,RU,2022-02-14 04:22:01,broken clouds
550,Dhankuta,26.9833,87.3333,57.79,57,0,2.39,NP,2022-02-14 04:22:02,clear sky
551,Ofaqim,31.3141,34.6203,51.75,79,93,6.11,IL,2022-02-14 04:22:02,overcast clouds
552,Ongandjera,-17.8833,15.0667,68.52,86,100,5.53,NA,2022-02-14 04:22:03,light rain
553,Geraldton,-28.7667,114.6,86.41,58,6,12.66,AU,2022-02-14 04:19:12,clear sky
554,Narayangarh,30.4833,77.1333,63.81,54,0,2.64,IN,2022-02-14 04:22:03,clear sky
555,Novopskov,49.5464,39.0899,7.45,98,63,2.3,UA,2022-02-14 04:22:04,broken clouds
556,Margate,51.3813,1.3862,46.96,84,100,5.99,GB,2022-02-14 04:22:04,overcast clouds
557,Sao Domingos,-13.3983,-46.3183,69.87,92,99,1.21,BR,2022-02-14 04:22:04,light rain
558,Gari,59.4307,62.3497,-4.88,100,97,3.18,RU,2022-02-14 04:22:05,overcast clouds
559,Simoes,-7.5989,-40.8178,71.55,76,66,3.29,BR,2022-02-14 04:22:06,broken clouds
560,Eston,51.1501,-108.7514,22.89,93,98,5.82,CA,2022-02-14 04:22:06,overcast clouds
561,Paamiut,61.994,-49.6678,8.96,88,100,17.11,GL,2022-02-14 04:22:06,overcast clouds
562,Likhoslavl,57.1275,35.464,24.64,87,100,10.36,RU,2022-02-14 04:20:17,overcast clouds
563,Te Anau,-45.4167,167.7167,70.18,44,100,1.59,NZ,2022-02-14 04:22:07,overcast clouds
564,Kinablangan,7.6947,126.5503,83.05,67,55,4.5,PH,2022-02-14 04:22:08,broken clouds
565,Ulaanbaatar,47.9077,106.8832,-2.07,65,75,2.24,MN,2022-02-14 04:22:08,broken clouds
566,Ca Mau,9.1769,105.15,91.09,48,44,15.93,VN,2022-02-14 04:19:49,scattered clouds
567,Kenora,49.8167,-94.4337,-8.43,84,40,4.61,CA,2022-02-14 04:22:09,scattered clouds
568,Bandarbeyla,9.4942,50.8122,75.07,69,93,15.73,SO,2022-02-14 04:22:09,overcast clouds
569,Cockburn Town,21.4612,-71.1419,77.59,83,0,18.21,TC,2022-02-14 04:17:31,clear sky
570,Methoni,36.8197,21.7049,51.22,79,23,1.77,GR,2022-02-14 04:22:10,few clouds
571,Martapura,-3.4167,114.85,89.69,58,40,6.91,ID,2022-02-14 04:22:10,scattered clouds
572,Aktash,50.3,87.7333,-1.61,86,100,3.22,RU,2022-02-14 04:22:11,overcast clouds
573,Belyy Yar,53.6039,91.3903,-13.11,84,99,0.0,RU,2022-02-14 04:22:11,mist
574,Half Moon Bay,37.4636,-122.4286,65.48,70,0,13.8,US,2022-02-14 04:22:12,clear sky
575,Idukki,9.85,76.9667,77.76,55,6,2.82,IN,2022-02-14 04:22:12,clear sky
576,Athabasca,54.7169,-113.2854,17.42,90,100,5.1,CA,2022-02-14 04:22:13,overcast clouds
577,Seoul,37.5683,126.9778,49.51,39,75,9.22,KR,2022-02-14 04:19:50,broken clouds
578,Bollnas,61.3482,16.3946,35.38,98,100,2.82,SE,2022-02-14 04:22:14,light rain
579,Lincolnton,35.4737,-81.2545,35.37,79,0,0.0,US,2022-02-14 04:22:14,clear sky
580,San Lawrenz,36.0553,14.204,48.85,88,91,6.6,MT,2022-02-14 04:22:14,overcast clouds
581,Fengzhen,40.4394,113.1536,6.85,57,80,2.46,CN,2022-02-14 04:22:15,broken clouds
582,Tamandare,-8.7597,-35.1047,78.96,78,34,7.83,BR,2022-02-14 04:22:15,scattered clouds
583,Ordynskoye,54.3656,81.8994,8.87,91,78,11.1,RU,2022-02-14 04:22:16,broken clouds
584,Vanimo,-2.6741,141.3028,82.76,79,100,2.64,PG,2022-02-14 04:22:16,overcast clouds
585,Ahuimanu,21.4447,-157.8378,73.11,61,0,12.66,US,2022-02-14 04:21:24,clear sky
586,Damghan,36.1683,54.348,35.91,65,3,1.68,IR,2022-02-14 04:22:17,clear sky
587,Ewa Beach,21.3156,-158.0072,73.35,57,20,12.66,US,2022-02-14 04:22:17,few clouds
588,Mizdah,31.4451,12.9801,46.6,65,26,7.49,LY,2022-02-14 04:22:18,scattered clouds
589,Padang,-0.9492,100.3543,87.85,57,39,3.67,ID,2022-02-14 04:22:18,scattered clouds
590,Mehran,33.1222,46.1646,49.48,47,0,1.12,IR,2022-02-14 04:22:19,clear sky
591,Myitkyina,25.3833,97.4,72.81,34,0,2.35,MM,2022-02-14 04:22:20,clear sky
592,Pangnirtung,66.1451,-65.7125,-29.2,75,0,8.05,CA,2022-02-14 04:22:20,clear sky
593,Jacksonville,30.3322,-81.6556,51.91,40,0,14.97,US,2022-02-14 04:20:59,clear sky
594,Moissala,8.3404,17.7663,72.82,18,100,4.68,TD,2022-02-14 04:23:21,overcast clouds
595,Maragogi,-9.0122,-35.2225,78.82,76,48,8.23,BR,2022-02-14 04:23:21,scattered clouds
596,Tessalit,20.1986,1.0114,57.49,26,32,9.82,ML,2022-02-14 04:23:21,scattered clouds
597,Broken Hill,-31.95,141.4333,98.31,16,40,5.75,AU,2022-02-14 04:23:22,scattered clouds
598,Palencia,42.4167,-4.5,36.79,87,5,16.13,ES,2022-02-14 04:23:22,clear sky
599,Sorland,67.667,12.6934,30.27,62,99,29.97,NO,2022-02-14 04:23:23,light snow
600,Burnie,-41.0667,145.9167,72.95,63,99,10.63,AU,2022-02-14 04:22:52,overcast clouds
601,Bismarck,46.8083,-100.7837,31.87,76,20,27.63,US,2022-02-14 04:23:23,few clouds
602,Terre Haute,39.4667,-87.4139,15.62,84,0,0.0,US,2022-02-14 04:23:24,clear sky
603,Pombas,17.1503,-25.0201,67.78,73,100,16.11,CV,2022-02-14 04:23:24,overcast clouds
604,Luanda,-8.8368,13.2343,77.0,83,40,10.36,AO,2022-02-14 04:22:35,scattered clouds
605,Hobbs,32.7026,-103.136,46.67,29,0,9.22,US,2022-02-14 04:23:25,clear sky
606,Pemangkat,1.1667,108.9667,82.08,79,96,2.98,ID,2022-02-14 04:23:26,overcast clouds
607,Kidal,18.4411,1.4078,62.42,20,20,12.37,ML,2022-02-14 04:23:26,few clouds
608,Lerwick,60.1545,-1.1494,39.2,91,100,25.39,GB,2022-02-14 04:23:27,overcast clouds
609,Makarov,48.6333,142.8,19.71,86,68,4.45,RU,2022-02-14 04:23:27,broken clouds
610,Berdigestyakh,62.0989,126.6992,-13.05,93,97,1.19,RU,2022-02-14 04:23:28,overcast clouds
611,Erenhot,43.6475,111.9767,-2.34,76,9,3.24,CN,2022-02-14 04:21:13,clear sky
612,Kizner,56.2749,51.508,-6.5,100,100,1.1,RU,2022-02-14 04:23:28,overcast clouds
613,Shenjiamen,29.9576,122.298,45.57,64,2,17.0,CN,2022-02-14 04:23:29,clear sky
614,Haines Junction,60.7522,-137.5108,10.35,92,80,1.14,CA,2022-02-14 04:23:29,broken clouds
615,Qasigiannguit,68.8193,-51.1922,5.25,95,100,6.38,GL,2022-02-14 04:23:30,overcast clouds
616,Voznesenskoye,54.89,42.7569,18.95,93,100,9.01,RU,2022-02-14 04:23:30,overcast clouds
617,Turukhansk,65.8167,87.9833,-4.31,86,36,12.53,RU,2022-02-14 04:23:30,scattered clouds
618,Mbekenyera,-10.0,38.9833,69.31,99,100,3.15,TZ,2022-02-14 04:23:31,moderate rain
619,Montrose,38.4166,-108.2673,30.54,56,1,2.59,US,2022-02-14 04:23:31,clear sky
620,Caravelas,-17.7125,-39.2481,74.3,94,81,4.03,BR,2022-02-14 04:23:32,broken clouds
621,Praya,14.9215,-23.5087,70.34,83,40,18.41,CV,2022-02-14 04:23:32,scattered clouds
622,Nombre De Dios,23.85,-104.2333,53.82,31,100,5.73,MX,2022-02-14 04:23:32,overcast clouds
623,Lafiagi,8.8667,5.4167,76.6,20,72,1.34,NG,2022-02-14 04:23:33,broken clouds
624,Zarya,55.7553,38.0958,27.09,87,100,11.01,RU,2022-02-14 04:23:33,light snow
625,Coihueco,-36.6167,-71.8333,56.14,82,0,4.61,CL,2022-02-14 04:23:34,clear sky
626,Maroantsetra,-15.4333,49.7333,76.6,84,68,1.97,MG,2022-02-14 04:23:34,broken clouds
627,Saint-Francois,46.4154,3.9054,51.42,65,75,11.5,FR,2022-02-14 04:23:35,light rain
628,Biak,-0.9131,122.8766,82.71,67,67,2.1,ID,2022-02-14 04:23:35,broken clouds
629,Bhatkal,13.9667,74.5667,81.03,52,28,0.85,IN,2022-02-14 04:23:36,scattered clouds
630,Tall Kayf,37.0833,41.0667,39.54,42,89,4.16,TR,2022-02-14 04:23:36,overcast clouds
631,Ostroh,50.3294,26.5143,26.65,71,7,8.59,UA,2022-02-14 04:23:37,clear sky
632,Masuguru,-11.3667,38.4167,70.23,99,100,3.56,TZ,2022-02-14 04:23:37,moderate rain
633,Krasnyy Yar,46.5331,48.3456,24.73,70,0,7.54,RU,2022-02-14 04:23:38,clear sky
634,Kirkenaer,60.4564,12.0582,34.45,99,100,4.5,NO,2022-02-14 04:23:38,snow
635,Singkang,2.1006,102.7994,85.89,76,100,2.82,MY,2022-02-14 04:24:39,overcast clouds
636,Cherepovets,59.1333,37.9,28.22,86,75,6.71,RU,2022-02-14 04:22:21,light snow
637,Yekaterinovka,52.0508,44.3451,6.3,97,71,7.92,RU,2022-02-14 04:24:39,broken clouds
638,Marathon,44.9,-89.7668,7.84,64,100,4.61,US,2022-02-14 04:24:40,overcast clouds
639,Abnub,27.2696,31.1511,50.92,82,3,9.69,EG,2022-02-14 04:24:40,clear sky
640,Chiang Klang,19.2938,100.8617,81.73,33,49,2.17,TH,2022-02-14 04:24:41,scattered clouds
641,Tarnobrzeg,50.573,21.6794,38.41,80,5,6.6,PL,2022-02-14 04:24:41,clear sky
642,Odweyne,9.4092,45.064,63.86,40,53,9.73,SO,2022-02-14 04:24:35,broken clouds
643,Taoudenni,22.6783,-3.9836,57.85,28,0,12.97,ML,2022-02-14 04:22:30,clear sky
644,Nantucket,41.2835,-70.0995,35.15,89,100,22.95,US,2022-02-14 04:21:33,snow
645,La Baule-Escoublac,47.2922,-2.364,47.88,89,75,10.36,FR,2022-02-14 04:24:42,broken clouds
646,Marinette,45.1,-87.6307,9.3,72,0,3.44,US,2022-02-14 04:24:43,clear sky
647,Izhma,65.0083,53.9113,4.14,97,97,5.99,RU,2022-02-14 04:24:43,overcast clouds
648,Grande Prairie,55.1667,-118.8027,33.98,64,75,11.5,CA,2022-02-14 04:22:53,broken clouds
649,Ganzhou,28.8184,115.4327,53.1,62,8,3.02,CN,2022-02-14 04:24:44,clear sky
650,Riyadh,24.6877,46.7219,44.74,35,0,7.45,SA,2022-02-14 04:22:43,clear sky
651,Yamada,39.4667,141.95,40.6,39,2,6.85,JP,2022-02-14 04:24:45,clear sky
652,Kipini,-2.5257,40.5262,73.69,90,93,4.79,KE,2022-02-14 04:24:45,overcast clouds
653,Tatarsk,55.219,75.9828,-7.94,99,15,5.99,RU,2022-02-14 04:24:45,few clouds
654,Cedar City,37.6775,-113.0619,44.4,26,0,11.5,US,2022-02-14 04:24:46,clear sky
655,Fort-Shevchenko,44.5086,50.263,34.21,60,0,7.67,KZ,2022-02-14 04:24:46,clear sky
656,Magdagachi,53.45,125.8,10.06,79,100,3.58,RU,2022-02-14 04:24:47,overcast clouds
657,Portland,45.5234,-122.6762,55.94,70,100,6.91,US,2022-02-14 04:20:57,overcast clouds
658,Alyangula,-13.8483,136.4192,82.27,89,40,6.91,AU,2022-02-14 04:24:47,light rain
659,Berlevag,70.8578,29.0864,17.6,89,100,14.83,NO,2022-02-14 04:24:48,light snow
660,Plyussa,58.4308,29.3654,31.01,87,100,10.58,RU,2022-02-14 04:20:12,snow
661,Conceicao Da Barra,-18.5933,-39.7322,75.33,87,17,5.46,BR,2022-02-14 04:24:48,few clouds
662,Lahat,-3.8,103.5333,88.9,55,75,3.04,ID,2022-02-14 04:24:49,broken clouds
663,Amahai,-3.3333,128.9167,80.28,78,100,2.48,ID,2022-02-14 04:23:45,overcast clouds
664,Samarai,-10.6167,150.6667,83.48,70,84,9.73,PG,2022-02-14 04:22:35,broken clouds
665,Laguna De Perlas,12.3429,-83.6712,77.52,80,14,12.1,NI,2022-02-14 04:24:50,few clouds
666,Arcachon,44.5875,-1.0519,48.52,87,75,10.36,FR,2022-02-14 04:24:50,broken clouds
667,Abu Samrah,35.3029,37.1841,44.6,85,0,8.25,SY,2022-02-14 04:20:10,clear sky
668,Yuzhno-Kurilsk,44.0306,145.8556,29.26,72,99,9.57,RU,2022-02-14 04:24:51,overcast clouds
669,Kushima,31.4583,131.2333,56.71,66,100,7.56,JP,2022-02-14 04:24:51,overcast clouds
670,Marzuq,14.4,46.4667,55.44,48,40,2.55,YE,2022-02-14 04:24:52,scattered clouds
671,Keetmanshoop,-26.5833,18.1333,68.92,88,40,3.44,NA,2022-02-14 04:24:52,scattered clouds
672,Pittsfield,42.4501,-73.2454,23.05,68,100,8.05,US,2022-02-14 04:24:53,overcast clouds
673,Williston,48.147,-103.618,30.61,75,60,5.99,US,2022-02-14 04:24:01,broken clouds
674,Kuah,6.3265,99.8432,89.6,55,20,9.22,MY,2022-02-14 04:24:53,few clouds
675,Malyye Derbety,47.9547,44.6808,25.81,72,2,7.45,RU,2022-02-14 04:24:54,clear sky
676,Emba,48.8264,58.1442,15.06,93,100,15.82,KZ,2022-02-14 04:24:54,overcast clouds
677,Atikokan,48.7555,-91.6216,-3.06,100,99,2.62,CA,2022-02-14 04:24:55,overcast clouds
678,Shache,38.4167,77.2406,34.99,39,4,3.89,CN,2022-02-14 04:24:56,clear sky
679,Kribi,2.95,9.9167,78.3,84,95,3.76,CM,2022-02-14 04:25:56,light rain
680,Rundu,-17.9333,19.7667,64.53,92,85,3.6,NA,2022-02-14 04:25:56,light rain
681,Pitkyaranta,61.5734,31.4792,32.31,98,100,14.74,RU,2022-02-14 04:25:57,overcast clouds
682,Bud,39.447,-86.1758,17.69,82,68,6.87,US,2022-02-14 04:25:57,broken clouds
683,Katobu,-4.9408,122.5276,79.77,83,83,7.78,ID,2022-02-14 04:25:58,broken clouds
684,Sawtell,-30.3833,153.1,75.52,82,100,5.75,AU,2022-02-14 04:25:58,overcast clouds
685,Ratnagiri,16.9833,73.3,78.21,44,6,6.46,IN,2022-02-14 04:25:59,clear sky
686,Gua Musang,4.8823,101.9644,84.09,72,100,1.7,MY,2022-02-14 04:25:59,overcast clouds
687,Christchurch,-43.5333,172.6333,66.99,61,37,4.61,NZ,2022-02-14 04:22:24,scattered clouds
688,Marshall,34.3834,-86.3333,35.94,65,0,4.61,US,2022-02-14 04:26:00,clear sky
689,Hami,42.8,93.45,28.87,39,17,7.61,CN,2022-02-14 04:26:00,few clouds
690,Russell,32.3502,-85.1999,42.08,66,0,0.0,US,2022-02-14 04:26:01,clear sky
691,Solnechnyy,50.7214,136.6319,15.21,83,100,6.4,RU,2022-02-14 04:26:01,overcast clouds
692,Koungheul,13.9833,-14.8,68.9,20,36,9.01,SN,2022-02-14 04:26:02,scattered clouds
693,Namatanai,-3.6667,152.4333,83.8,74,63,8.14,PG,2022-02-14 04:26:02,light rain
